date,site,temperature_exterieure_moyenne,energie_produite_mwh,energie_livree_mwh,pertes_reseau_mwh,rendement_reseau,consommation_corrigee_climat,taux_donnees_manquantes,flag_anomalie,commentaire_qualite_donnees
2025-01-01,Centre-ville,0.90,58.11,52.47,5.64,0.903,35.70,0.018,False,OK
2025-01-01,Quartier Nord,0.90,47.88,42.04,5.84,0.878,28.60,0.015,False,OK
2025-01-01,Hôpital,0.90,72.97,65.75,7.22,0.901,44.74,0.013,False,OK
2025-01-01,Campus,0.90,35.45,32.83,2.63,0.926,22.33,0.017,False,OK
2025-01-02,Centre-ville,1.50,56.70,50.28,6.42,0.887,34.68,0.014,False,OK
2025-01-02,Quartier Nord,1.50,46.88,42.46,4.42,0.906,29.29,0.011,False,OK
2025-01-02,Hôpital,1.50,74.66,65.62,9.05,0.879,45.25,0.010,False,OK
2025-01-02,Campus,1.50,34.91,32.14,2.77,0.921,22.17,0.010,False,OK
2025-01-03,Centre-ville,2.13,54.69,50.26,4.43,0.919,35.17,0.003,False,OK
2025-01-03,Quartier Nord,2.13,46.11,40.47,5.64,0.878,28.32,0.000,False,OK
2025-01-03,Hôpital,2.13,69.42,61.68,7.74,0.889,43.16,0.019,False,OK
2025-01-03,Campus,2.13,35.49,31.34,4.15,0.883,21.93,0.019,False,OK
2025-01-04,Centre-ville,-0.86,62.97,56.66,6.32,0.900,37.06,0.013,False,OK
2025-01-04,Quartier Nord,-0.86,50.65,46.42,4.23,0.916,30.37,0.015,False,OK
2025-01-04,Hôpital,-0.86,79.31,72.46,6.85,0.914,47.40,0.007,False,OK
2025-01-04,Campus,-0.86,38.73,34.72,4.01,0.897,22.71,0.016,False,OK
2025-01-05,Centre-ville,0.84,63.17,56.24,6.93,0.890,38.20,0.003,False,OK
2025-01-05,Quartier Nord,0.84,46.35,43.14,3.22,0.931,29.30,0.016,False,OK
2025-01-05,Hôpital,0.84,73.13,68.06,5.07,0.931,46.23,0.011,False,OK
2025-01-05,Campus,0.84,35.30,31.60,3.69,0.895,21.47,0.020,False,OK
2025-01-06,Centre-ville,-1.74,64.70,58.85,5.85,0.910,37.77,0.009,False,OK
2025-01-06,Quartier Nord,-1.74,52.42,47.98,4.43,0.915,30.80,0.031,False,OK
2025-01-06,Hôpital,-1.74,83.73,74.86,8.87,0.894,48.05,0.008,False,OK
2025-01-06,Campus,-1.74,38.98,35.94,3.03,0.922,23.07,0.007,False,OK
2025-01-07,Centre-ville,1.33,59.20,52.81,6.40,0.892,36.28,0.010,False,OK
2025-01-07,Quartier Nord,1.33,44.47,39.38,5.09,0.886,27.05,0.007,False,OK
2025-01-07,Hôpital,1.33,71.09,65.86,5.23,0.926,45.25,0.012,False,OK
2025-01-07,Campus,1.33,35.47,32.21,3.26,0.908,22.13,0.021,False,OK
2025-01-08,Centre-ville,3.51,53.14,47.12,6.02,0.887,34.07,0.019,False,OK
2025-01-08,Quartier Nord,3.51,40.60,37.64,2.96,0.927,27.22,0.012,False,OK
2025-01-08,Hôpital,3.51,69.81,62.72,7.08,0.899,45.35,0.025,False,OK
2025-01-08,Campus,3.51,32.18,28.83,3.36,0.896,20.84,0.003,False,OK
2025-01-09,Centre-ville,1.27,58.64,53.93,4.71,0.920,37.00,0.018,False,OK
2025-01-09,Quartier Nord,1.27,42.41,38.92,3.49,0.918,26.70,0.016,False,OK
2025-01-09,Hôpital,1.27,71.82,64.19,7.63,0.894,44.04,0.012,False,OK
2025-01-09,Campus,1.27,37.78,33.48,4.31,0.886,22.97,0.009,False,OK
2025-01-10,Centre-ville,4.66,48.36,43.45,4.91,0.898,32.31,0.013,False,OK
2025-01-10,Quartier Nord,4.66,37.09,33.71,3.38,0.909,25.07,0.002,False,OK
2025-01-10,Hôpital,4.66,63.49,155.74,-92.25,2.453,42.73,0.030,True,Pic anormal de livraison
2025-01-10,Campus,4.66,29.30,30.89,-1.59,1.054,20.26,0.002,True,Rendement supérieur à 1
2025-01-11,Centre-ville,1.46,55.44,51.92,3.52,0.936,35.77,0.000,False,OK
2025-01-11,Quartier Nord,1.46,46.09,42.20,3.89,0.916,29.08,0.024,False,OK
2025-01-11,Hôpital,1.46,72.95,66.09,6.86,0.906,45.53,0.008,False,OK
2025-01-11,Campus,1.46,33.92,30.82,3.10,0.909,21.23,0.010,False,OK
2025-01-12,Centre-ville,6.23,43.46,39.58,3.88,0.911,30.63,0.000,False,OK
2025-01-12,Quartier Nord,6.23,34.77,31.63,3.14,0.910,24.48,0.019,False,OK
2025-01-12,Hôpital,6.23,59.86,54.12,5.73,0.904,41.89,0.003,False,OK
2025-01-12,Campus,6.23,27.36,25.01,2.34,0.914,19.36,0.016,False,OK
2025-01-13,Centre-ville,0.32,61.44,55.70,5.74,0.907,37.40,0.018,False,OK
2025-01-13,Quartier Nord,0.32,48.77,44.67,4.10,0.916,29.99,0.014,False,OK
2025-01-13,Hôpital,0.32,79.22,72.04,7.18,0.909,48.37,0.010,False,OK
2025-01-13,Campus,0.32,36.08,33.61,2.46,0.932,22.57,0.013,False,OK
2025-01-14,Centre-ville,3.07,55.21,49.46,5.75,0.896,35.39,0.000,False,OK
2025-01-14,Quartier Nord,3.07,42.22,38.39,3.84,0.909,27.47,0.007,False,OK
2025-01-14,Hôpital,3.07,67.55,61.87,5.68,0.916,44.27,0.004,False,OK
2025-01-14,Campus,3.07,33.06,29.81,3.26,0.901,21.33,0.000,False,OK
2025-01-15,Centre-ville,3.00,53.65,47.83,5.82,0.892,34.17,0.016,False,OK
2025-01-15,Quartier Nord,3.00,43.29,38.73,4.56,0.895,27.66,0.015,False,OK
2025-01-15,Hôpital,3.00,69.88,62.35,7.54,0.892,44.53,0.015,False,OK
2025-01-15,Campus,3.00,31.19,29.50,1.69,0.946,21.07,0.000,False,OK
2025-01-16,Centre-ville,3.61,50.99,46.06,4.94,0.903,33.38,0.027,False,OK
2025-01-16,Quartier Nord,3.61,39.17,37.03,2.14,0.945,26.84,0.008,False,OK
2025-01-16,Hôpital,3.61,66.24,59.37,6.88,0.896,43.03,0.006,False,OK
2025-01-16,Campus,3.61,31.82,28.64,3.18,0.900,20.76,0.014,False,OK
2025-01-17,Centre-ville,-2.47,70.25,63.37,6.89,0.902,40.05,0.026,False,OK
2025-01-17,Quartier Nord,-2.47,52.19,47.51,4.68,0.910,30.02,0.037,False,OK
2025-01-17,Hôpital,-2.47,84.33,74.05,10.28,0.878,46.80,0.008,False,OK
2025-01-17,Campus,-2.47,41.51,38.09,3.43,0.917,24.07,0.022,False,OK
2025-01-18,Centre-ville,1.68,54.21,48.64,5.57,0.897,33.68,0.022,False,OK
2025-01-18,Quartier Nord,1.68,47.39,41.22,6.17,0.870,28.54,0.012,False,OK
2025-01-18,Hôpital,1.68,70.81,66.79,4.02,0.943,46.25,0.016,False,OK
2025-01-18,Campus,1.68,35.95,31.73,4.22,0.883,21.97,0.005,False,OK
2025-01-19,Centre-ville,2.43,54.55,49.94,4.61,0.915,35.19,0.008,False,OK
2025-01-19,Quartier Nord,2.43,42.70,38.04,4.65,0.891,26.81,0.003,False,OK
2025-01-19,Hôpital,2.43,73.24,63.24,10.01,0.863,44.56,0.009,False,OK
2025-01-19,Campus,2.43,32.94,30.72,2.23,0.932,21.65,0.013,False,OK
2025-01-20,Centre-ville,4.62,48.91,43.61,5.30,0.892,32.40,0.007,False,OK
2025-01-20,Quartier Nord,4.62,39.85,36.78,3.07,0.923,27.32,0.016,False,OK
2025-01-20,Hôpital,4.62,68.85,62.27,6.58,0.904,46.26,0.017,False,OK
2025-01-20,Campus,4.62,30.33,27.32,3.00,0.901,20.30,0.031,False,OK
2025-01-21,Centre-ville,5.82,43.89,39.41,4.49,0.898,30.17,0.015,False,OK
2025-01-21,Quartier Nord,5.82,38.26,33.69,4.56,0.881,25.80,0.000,False,OK
2025-01-21,Hôpital,5.82,54.06,48.85,5.20,0.904,37.40,0.011,False,OK
2025-01-21,Campus,5.82,28.67,25.55,3.12,0.891,19.56,0.002,False,OK
2025-01-22,Centre-ville,-1.86,65.31,59.54,5.77,0.912,38.12,0.020,False,OK
2025-01-22,Quartier Nord,-1.86,53.55,48.28,5.27,0.902,30.91,0.023,False,OK
2025-01-22,Hôpital,-1.86,82.56,73.74,8.83,0.893,47.21,0.008,False,OK
2025-01-22,Campus,-1.86,41.94,36.32,5.62,0.866,23.25,0.013,False,OK
2025-01-23,Centre-ville,3.24,52.49,46.83,5.66,0.892,33.64,0.015,False,OK
2025-01-23,Quartier Nord,3.24,43.73,39.60,4.12,0.906,28.45,0.008,False,OK
2025-01-23,Hôpital,3.24,64.84,58.60,6.24,0.904,42.09,0.002,False,OK
2025-01-23,Campus,3.24,32.05,29.04,3.01,0.906,20.86,0.027,False,OK
2025-01-24,Centre-ville,4.86,50.56,45.11,5.45,0.892,33.71,0.017,False,OK
2025-01-24,Quartier Nord,4.86,36.72,33.43,3.28,0.911,24.99,0.015,False,OK
2025-01-24,Hôpital,4.86,57.09,53.72,3.37,0.941,40.15,0.017,False,OK
2025-01-24,Campus,4.86,27.53,25.19,2.34,0.915,18.82,0.009,False,OK
2025-01-25,Centre-ville,2.89,53.54,48.83,4.71,0.912,34.78,0.000,False,OK
2025-01-25,Quartier Nord,2.89,40.44,37.16,3.28,0.919,26.47,0.022,False,OK
2025-01-25,Hôpital,2.89,68.66,64.37,4.29,0.937,45.85,0.000,False,OK
2025-01-25,Campus,2.89,34.79,30.28,4.50,0.871,21.57,0.025,False,OK
2025-01-26,Centre-ville,3.54,47.82,45.01,2.81,0.941,32.57,0.017,False,OK
2025-01-26,Quartier Nord,3.54,38.59,35.12,3.46,0.910,25.42,0.006,False,OK
2025-01-26,Hôpital,3.54,65.90,59.09,6.81,0.897,42.76,0.023,False,OK
2025-01-26,Campus,,30.25,27.55,2.70,0.911,19.93,0.250,True,Valeur manquante à contrôler
2025-01-27,Centre-ville,1.27,57.43,52.18,5.25,0.909,35.80,0.006,False,OK
2025-01-27,Quartier Nord,1.27,46.52,42.18,4.34,0.907,28.94,0.004,False,OK
2025-01-27,Hôpital,1.27,74.65,68.62,6.03,0.919,47.08,0.011,False,OK
2025-01-27,Campus,1.27,35.45,31.58,3.87,0.891,21.67,0.022,False,OK
2025-01-28,Centre-ville,2.87,54.18,48.85,5.33,0.902,34.79,0.017,False,OK
2025-01-28,Quartier Nord,2.87,41.70,38.31,3.39,0.919,27.28,0.011,False,OK
2025-01-28,Hôpital,2.87,67.98,62.34,5.64,0.917,44.40,0.011,False,OK
2025-01-28,Campus,2.87,32.65,29.00,3.65,0.888,20.65,0.006,False,OK
2025-01-29,Centre-ville,1.14,59.09,53.42,5.66,0.904,36.54,0.025,False,OK
2025-01-29,Quartier Nord,1.14,48.81,44.20,4.62,0.905,30.23,0.000,False,OK
2025-01-29,Hôpital,1.14,71.79,64.88,6.92,0.904,44.37,0.000,False,OK
2025-01-29,Campus,1.14,35.26,32.09,3.17,0.910,21.95,0.008,False,OK
2025-01-30,Centre-ville,1.73,53.07,49.74,3.34,0.937,34.48,0.011,False,OK
2025-01-30,Quartier Nord,1.73,44.22,39.72,4.50,0.898,27.54,0.020,False,OK
2025-01-30,Hôpital,1.73,68.57,62.65,5.92,0.914,43.43,0.018,False,OK
2025-01-30,Campus,1.73,34.41,32.01,2.40,0.930,22.19,0.008,False,OK
2025-01-31,Centre-ville,6.02,44.34,39.81,4.53,0.898,30.64,0.022,False,OK
2025-01-31,Quartier Nord,6.02,36.84,33.35,3.50,0.905,25.67,0.002,False,OK
2025-01-31,Hôpital,6.02,59.32,53.02,6.31,0.894,40.80,0.005,False,OK
2025-01-31,Campus,6.02,26.88,24.45,2.43,0.909,18.82,0.000,False,OK
2025-02-01,Centre-ville,4.44,50.13,44.84,5.29,0.894,33.16,0.020,False,OK
2025-02-01,Quartier Nord,4.44,40.40,36.13,4.28,0.894,26.72,0.007,False,OK
2025-02-01,Hôpital,4.44,65.74,57.70,8.04,0.878,42.68,0.009,False,OK
2025-02-01,Campus,4.44,29.61,26.84,2.78,0.906,19.85,0.014,False,OK
2025-02-02,Centre-ville,3.84,52.35,47.59,4.76,0.909,34.69,0.009,False,OK
2025-02-02,Quartier Nord,3.84,38.44,35.29,3.15,0.918,25.72,0.016,False,OK
2025-02-02,Hôpital,3.84,68.22,60.82,7.40,0.892,44.33,0.012,False,OK
2025-02-02,Campus,3.84,31.20,28.19,3.01,0.903,20.55,0.012,False,OK
2025-02-03,Centre-ville,0.11,60.79,55.73,5.06,0.917,37.25,0.021,False,OK
2025-02-03,Quartier Nord,0.11,51.28,46.12,5.17,0.899,30.82,0.012,False,OK
2025-02-03,Hôpital,0.11,72.88,68.51,4.38,0.940,45.78,0.000,False,OK
2025-02-03,Campus,0.11,38.95,34.22,4.73,0.879,22.87,0.000,False,OK
2025-02-04,Centre-ville,-0.44,58.23,53.82,4.41,0.924,35.53,0.005,False,OK
2025-02-04,Quartier Nord,-0.44,50.33,44.49,5.83,0.884,29.37,0.017,False,OK
2025-02-04,Hôpital,-0.44,73.13,67.92,5.21,0.929,44.84,0.004,False,OK
2025-02-04,Campus,-0.44,37.53,34.05,3.48,0.907,22.48,0.012,False,OK
2025-02-05,Centre-ville,7.26,43.32,38.27,5.06,0.883,30.42,0.008,False,OK
2025-02-05,Quartier Nord,7.26,32.11,29.48,2.63,0.918,23.44,0.015,False,OK
2025-02-05,Hôpital,7.26,52.39,48.23,4.16,0.921,38.34,0.008,False,OK
2025-02-05,Campus,7.26,25.32,23.00,2.32,0.908,18.28,0.024,False,OK
2025-02-06,Centre-ville,4.04,50.79,45.01,5.78,0.886,32.96,0.017,False,OK
2025-02-06,Quartier Nord,4.04,39.06,35.59,3.47,0.911,26.07,0.000,False,OK
2025-02-06,Hôpital,4.04,67.53,59.49,8.03,0.881,43.57,0.006,False,OK
2025-02-06,Campus,4.04,32.68,86.66,-53.98,2.652,21.08,0.011,True,Pic anormal de livraison
2025-02-07,Centre-ville,4.55,46.17,42.90,3.27,0.929,31.82,0.024,False,OK
2025-02-07,Quartier Nord,4.55,37.70,33.13,4.56,0.879,24.57,0.018,False,OK
2025-02-07,Hôpital,4.55,59.65,53.57,6.08,0.898,39.73,0.013,False,OK
2025-02-07,Campus,4.55,30.78,27.73,3.05,0.901,20.57,0.013,False,OK
2025-02-08,Centre-ville,2.80,56.03,50.21,5.82,0.896,35.70,0.015,False,OK
2025-02-08,Quartier Nord,2.80,41.92,38.02,3.90,0.907,27.03,0.011,False,OK
2025-02-08,Hôpital,2.80,68.38,60.63,7.74,0.887,43.11,0.018,False,OK
2025-02-08,Campus,2.80,34.01,30.92,3.08,0.909,21.99,0.018,False,OK
2025-02-09,Centre-ville,6.49,45.26,41.21,4.05,0.910,32.10,0.014,False,OK
2025-02-09,Quartier Nord,6.49,35.87,32.50,3.36,0.906,25.32,0.004,False,OK
2025-02-09,Hôpital,6.49,58.18,50.68,7.50,0.871,39.48,0.012,False,OK
2025-02-09,Campus,6.49,26.53,24.60,1.93,0.927,19.16,0.013,False,OK
2025-02-10,Centre-ville,6.82,44.11,39.11,5.00,0.887,30.73,0.001,False,OK
2025-02-10,Quartier Nord,6.82,33.95,29.89,4.06,0.880,23.49,0.017,False,OK
2025-02-10,Hôpital,6.82,53.87,49.30,4.56,0.915,38.74,0.013,False,OK
2025-02-10,Campus,6.82,26.62,24.60,2.02,0.924,19.33,0.007,False,OK
2025-02-11,Centre-ville,4.31,50.37,44.12,6.26,0.876,32.53,0.017,False,OK
2025-02-11,Quartier Nord,4.31,40.88,36.99,3.89,0.905,27.27,0.008,False,OK
2025-02-11,Hôpital,4.31,68.18,58.82,9.35,0.863,43.37,0.013,False,OK
2025-02-11,Campus,4.31,30.90,27.65,3.25,0.895,20.38,0.023,False,OK
2025-02-12,Centre-ville,7.19,41.94,37.89,4.05,0.903,30.06,0.009,False,OK
2025-02-12,Quartier Nord,7.19,33.68,29.69,3.99,0.881,23.56,0.023,False,OK
2025-02-12,Hôpital,7.19,55.09,50.65,4.44,0.919,40.18,0.003,False,OK
2025-02-12,Campus,7.19,26.45,24.88,1.57,0.941,19.74,0.014,False,OK
2025-02-13,Centre-ville,3.20,50.61,46.19,4.43,0.913,33.15,0.005,False,OK
2025-02-13,Quartier Nord,3.20,40.86,37.78,3.08,0.925,27.12,0.000,False,OK
2025-02-13,Hôpital,3.20,68.24,63.68,4.56,0.933,45.71,0.002,False,OK
2025-02-13,Campus,3.20,31.19,28.07,3.12,0.900,20.14,0.004,False,OK
2025-02-14,Centre-ville,4.75,44.57,121.28,-76.71,2.721,29.93,0.026,True,Pic anormal de livraison
2025-02-14,Quartier Nord,4.75,37.40,33.66,3.74,0.900,25.09,0.000,False,OK
2025-02-14,Hôpital,4.75,62.95,56.72,6.24,0.901,42.28,0.028,False,OK
2025-02-14,Campus,4.75,30.10,27.04,3.06,0.898,20.15,0.016,False,OK
2025-02-15,Centre-ville,4.36,47.05,42.84,4.21,0.910,31.62,0.011,False,OK
2025-02-15,Quartier Nord,4.36,39.26,35.79,3.46,0.912,26.42,0.008,False,OK
2025-02-15,Hôpital,4.36,61.30,57.40,3.91,0.936,42.37,0.003,False,OK
2025-02-15,Campus,4.36,32.03,28.85,3.18,0.901,21.30,0.006,False,OK
2025-02-16,Centre-ville,10.96,32.07,29.82,2.26,0.930,26.28,0.019,False,OK
2025-02-16,Quartier Nord,10.96,23.44,21.26,2.18,0.907,18.74,0.008,False,OK
2025-02-16,Hôpital,10.96,40.70,35.54,5.16,0.873,31.32,0.013,False,OK
2025-02-16,Campus,10.96,19.77,18.03,1.74,0.912,15.89,0.010,False,OK
2025-02-17,Centre-ville,4.01,49.34,44.16,5.18,0.895,32.32,0.004,False,OK
2025-02-17,Quartier Nord,4.01,39.87,36.06,3.80,0.905,26.39,0.005,False,OK
2025-02-17,Hôpital,4.01,64.10,57.13,6.97,0.891,41.81,0.012,False,OK
2025-02-17,Campus,4.01,31.26,28.39,2.87,0.908,20.78,0.016,False,OK
2025-02-18,Centre-ville,2.28,53.86,49.01,4.85,0.910,34.42,0.017,False,OK
2025-02-18,Quartier Nord,2.28,41.68,37.84,3.84,0.908,26.58,0.022,False,OK
2025-02-18,Hôpital,2.28,68.72,62.08,6.65,0.903,43.59,0.016,False,OK
2025-02-18,Campus,2.28,33.56,30.78,2.78,0.917,21.61,0.013,False,OK
2025-02-19,Centre-ville,6.40,43.19,38.96,4.24,0.902,30.28,0.022,False,OK
2025-02-19,Quartier Nord,6.40,34.95,31.52,3.43,0.902,24.50,0.008,False,OK
2025-02-19,Hôpital,6.40,58.90,52.40,6.50,0.890,40.72,0.019,False,OK
2025-02-19,Campus,6.40,26.70,23.65,3.04,0.886,18.38,0.014,False,OK
2025-02-20,Centre-ville,6.50,43.59,40.28,3.31,0.924,31.39,0.009,False,OK
2025-02-20,Quartier Nord,6.50,36.04,32.03,4.01,0.889,24.96,0.022,False,OK
2025-02-20,Hôpital,6.50,56.65,51.82,4.83,0.915,40.38,0.014,False,OK
2025-02-20,Campus,6.50,26.27,23.62,2.65,0.899,18.41,0.016,False,OK
2025-02-21,Centre-ville,6.32,45.92,40.44,5.49,0.881,31.36,0.013,False,OK
2025-02-21,Quartier Nord,6.32,35.17,31.14,4.03,0.885,24.15,0.011,False,OK
2025-02-21,Hôpital,6.32,51.80,47.53,4.27,0.918,36.87,0.019,False,OK
2025-02-21,Campus,6.32,27.59,24.47,3.11,0.887,18.98,0.004,False,OK
2025-02-22,Centre-ville,6.19,40.83,37.08,3.75,0.908,28.66,0.017,False,OK
2025-02-22,Quartier Nord,6.19,35.50,31.81,3.69,0.896,24.59,0.013,False,OK
2025-02-22,Hôpital,6.19,56.40,52.15,4.25,0.925,40.31,0.012,False,OK
2025-02-22,Campus,6.19,26.95,24.17,2.78,0.897,18.68,0.013,False,OK
2025-02-23,Centre-ville,10.10,35.12,31.12,4.00,0.886,26.75,0.005,False,OK
2025-02-23,Quartier Nord,10.10,24.65,22.45,2.20,0.911,19.30,0.001,False,OK
2025-02-23,Hôpital,10.10,43.89,38.16,5.73,0.869,32.80,0.003,False,OK
2025-02-23,Campus,10.10,21.91,19.31,2.60,0.881,16.60,0.000,False,OK
2025-02-24,Centre-ville,7.22,41.30,37.70,3.60,0.913,29.94,0.018,False,OK
2025-02-24,Quartier Nord,7.22,34.22,30.17,4.05,0.882,23.96,0.011,False,OK
2025-02-24,Hôpital,7.22,55.39,49.54,5.84,0.895,39.34,0.001,False,OK
2025-02-24,Campus,7.22,26.80,24.05,2.75,0.898,19.10,0.009,False,OK
2025-02-25,Centre-ville,7.02,44.12,40.14,3.98,0.910,31.70,0.009,False,OK
2025-02-25,Quartier Nord,7.02,33.17,31.30,1.87,0.944,24.72,0.023,False,OK
2025-02-25,Hôpital,7.02,57.00,50.44,6.57,0.885,39.84,0.042,False,OK
2025-02-25,Campus,7.02,25.06,22.51,2.55,0.898,17.78,0.006,False,OK
2025-02-26,Centre-ville,10.72,34.96,30.74,4.22,0.879,26.91,0.014,False,OK
2025-02-26,Quartier Nord,10.72,26.82,24.12,2.70,0.899,21.11,0.002,False,OK
2025-02-26,Hôpital,10.72,41.67,37.38,4.29,0.897,32.72,0.012,False,OK
2025-02-26,Campus,10.72,19.06,17.50,1.56,0.918,15.32,0.004,False,OK
2025-02-27,Centre-ville,3.49,49.18,45.70,3.48,0.929,33.03,0.007,False,OK
2025-02-27,Quartier Nord,3.49,43.54,39.79,3.75,0.914,28.76,0.003,False,OK
2025-02-27,Hôpital,3.49,63.14,57.42,5.72,0.909,41.50,0.003,False,OK
2025-02-27,Campus,3.49,34.56,30.66,3.90,0.887,22.16,0.017,False,OK
2025-02-28,Centre-ville,10.68,33.92,30.09,3.83,0.887,26.30,0.010,False,OK
2025-02-28,Quartier Nord,10.68,26.07,24.01,2.07,0.921,20.98,0.012,False,OK
2025-02-28,Hôpital,10.68,39.99,36.22,3.77,0.906,31.66,0.007,False,OK
2025-02-28,Campus,10.68,18.20,16.24,1.96,0.892,14.19,0.001,False,OK
2025-03-01,Centre-ville,8.92,39.53,37.09,2.43,0.938,30.84,0.007,False,OK
2025-03-01,Quartier Nord,8.92,28.84,26.46,2.38,0.917,21.99,0.020,False,OK
2025-03-01,Hôpital,8.92,47.68,43.03,4.65,0.902,35.78,0.030,False,OK
2025-03-01,Campus,8.92,22.92,20.54,2.38,0.896,17.08,0.013,False,OK
2025-03-02,Centre-ville,9.06,36.07,32.48,3.59,0.901,27.12,0.003,False,OK
2025-03-02,Quartier Nord,9.06,28.10,26.38,1.72,0.939,22.02,0.018,False,OK
2025-03-02,Hôpital,9.06,48.69,43.25,5.44,0.888,36.10,0.010,False,OK
2025-03-02,Campus,9.06,23.74,21.25,2.50,0.895,17.74,0.024,False,OK
2025-03-03,Centre-ville,4.93,45.97,43.05,2.93,0.936,32.23,0.000,False,OK
2025-03-03,Quartier Nord,4.93,41.09,35.82,5.27,0.872,26.82,0.011,False,OK
2025-03-03,Hôpital,4.93,59.43,54.67,4.76,0.920,40.93,0.000,False,OK
2025-03-03,Campus,4.93,28.02,25.07,2.95,0.895,18.77,0.012,False,OK
2025-03-04,Centre-ville,6.15,45.65,40.34,5.31,0.884,31.15,0.009,False,OK
2025-03-04,Quartier Nord,6.15,34.42,31.30,3.12,0.909,24.17,0.017,False,OK
2025-03-04,Hôpital,6.15,60.83,54.33,6.50,0.893,41.95,0.009,False,OK
2025-03-04,Campus,6.15,27.58,24.81,2.77,0.900,19.16,0.012,False,OK
2025-03-05,Centre-ville,4.84,49.74,44.19,5.54,0.889,33.02,0.004,False,OK
2025-03-05,Quartier Nord,4.84,35.62,32.98,2.64,0.926,24.64,0.011,False,OK
2025-03-05,Hôpital,4.84,63.13,57.44,5.69,0.910,42.92,0.000,False,OK
2025-03-05,Campus,4.84,28.16,25.87,2.29,0.919,19.33,0.006,False,OK
2025-03-06,Centre-ville,6.05,45.06,40.63,4.42,0.902,31.29,0.004,False,OK
2025-03-06,Quartier Nord,6.05,35.76,32.06,3.71,0.896,24.69,0.000,False,OK
2025-03-06,Hôpital,6.05,59.33,52.83,6.50,0.890,40.69,0.022,False,OK
2025-03-06,Campus,6.05,27.39,24.01,3.38,0.877,18.49,0.022,False,OK
2025-03-07,Centre-ville,5.13,45.97,42.09,3.87,0.916,31.67,0.009,False,OK
2025-03-07,Quartier Nord,5.13,35.64,32.37,3.26,0.908,24.36,0.010,False,OK
2025-03-07,Hôpital,5.13,62.16,56.91,5.25,0.916,42.82,0.036,False,OK
2025-03-07,Campus,5.13,27.63,24.99,2.64,0.905,18.80,0.003,False,OK
2025-03-08,Centre-ville,11.32,32.60,29.94,2.65,0.919,26.67,0.006,False,OK
2025-03-08,Quartier Nord,11.32,24.85,21.58,3.27,0.868,19.23,0.026,False,OK
2025-03-08,Hôpital,11.32,42.29,38.08,4.22,0.900,33.92,0.019,False,OK
2025-03-08,Campus,11.32,19.10,17.62,1.48,0.923,15.69,0.000,False,OK
2025-03-09,Centre-ville,7.38,41.82,38.11,3.70,0.911,30.39,0.020,False,OK
2025-03-09,Quartier Nord,7.38,31.73,28.79,2.94,0.907,22.96,0.030,False,OK
2025-03-09,Hôpital,7.38,53.73,,4.26,,39.45,0.250,True,Valeur manquante à contrôler
2025-03-09,Campus,7.38,25.12,23.55,1.57,0.937,18.78,0.013,False,OK
2025-03-10,Centre-ville,11.81,28.81,26.38,2.43,0.916,23.84,0.019,False,OK
2025-03-10,Quartier Nord,11.81,22.33,20.65,1.68,0.925,18.66,0.007,False,OK
2025-03-10,Hôpital,11.81,37.77,34.18,3.59,0.905,30.90,0.027,False,OK
2025-03-10,Campus,11.81,17.93,16.53,1.40,0.922,14.94,0.006,False,OK
2025-03-11,Centre-ville,9.46,35.04,31.35,3.69,0.895,26.46,0.019,False,OK
2025-03-11,Quartier Nord,9.46,27.80,25.89,1.92,0.931,21.85,0.010,False,OK
2025-03-11,Hôpital,9.46,45.19,41.94,3.25,0.928,35.40,0.007,False,OK
2025-03-11,Campus,9.46,20.03,18.60,1.43,0.928,15.70,0.015,False,OK
2025-03-12,Centre-ville,4.69,49.09,44.07,5.02,0.898,32.80,0.026,False,OK
2025-03-12,Quartier Nord,4.69,38.23,34.20,4.03,0.895,25.45,0.005,False,OK
2025-03-12,Hôpital,4.69,60.10,163.13,-103.03,2.714,39.92,0.001,True,Pic anormal de livraison
2025-03-12,Campus,4.69,29.83,26.13,3.70,0.876,19.45,0.000,False,OK
2025-03-13,Centre-ville,6.20,44.58,39.80,4.78,0.893,30.77,0.002,False,OK
2025-03-13,Quartier Nord,6.20,36.11,32.64,3.46,0.904,25.24,0.009,False,OK
2025-03-13,Hôpital,6.20,54.15,50.56,3.59,0.934,39.09,0.014,False,OK
2025-03-13,Campus,6.20,29.22,25.09,4.14,0.858,19.39,0.007,False,OK
2025-03-14,Centre-ville,5.02,46.76,42.64,4.13,0.912,31.99,0.007,False,OK
2025-03-14,Quartier Nord,5.02,39.39,34.92,4.47,0.887,26.20,0.017,False,OK
2025-03-14,Hôpital,5.02,57.49,51.76,5.73,0.900,38.84,0.015,False,OK
2025-03-14,Campus,5.02,29.79,26.90,2.90,0.903,20.18,0.028,False,OK
2025-03-15,Centre-ville,,38.95,33.32,5.64,0.855,27.81,0.250,True,Valeur manquante à contrôler
2025-03-15,Quartier Nord,9.06,29.75,26.29,3.46,0.884,21.95,0.023,False,OK
2025-03-15,Hôpital,9.06,50.51,45.81,4.70,0.907,38.24,0.001,False,OK
2025-03-15,Campus,9.06,23.21,20.75,2.47,0.894,17.32,0.003,False,OK
2025-03-16,Centre-ville,12.44,25.27,23.13,2.14,0.915,21.31,0.016,False,OK
2025-03-16,Quartier Nord,12.44,24.69,22.49,2.20,0.911,20.72,0.000,False,OK
2025-03-16,Hôpital,12.44,35.73,32.37,3.35,0.906,29.83,0.015,False,OK
2025-03-16,Campus,12.44,18.55,16.13,2.42,0.870,14.86,0.009,False,OK
2025-03-17,Centre-ville,12.45,30.26,28.40,1.86,0.938,26.17,0.009,False,OK
2025-03-17,Quartier Nord,12.45,22.91,21.44,1.47,0.936,19.76,0.022,False,OK
2025-03-17,Hôpital,12.45,38.42,35.34,3.08,0.920,32.57,0.006,False,OK
2025-03-17,Campus,12.45,15.36,14.17,1.19,0.923,13.06,0.009,False,OK
2025-03-18,Centre-ville,10.42,33.41,30.00,3.41,0.898,26.02,0.014,False,OK
2025-03-18,Quartier Nord,10.42,25.37,22.99,2.38,0.906,19.95,0.014,False,OK
2025-03-18,Hôpital,10.42,44.27,39.47,4.80,0.892,34.24,0.018,False,OK
2025-03-18,Campus,10.42,22.22,19.87,2.35,0.894,17.24,0.022,False,OK
2025-03-19,Centre-ville,12.61,24.65,21.97,2.68,0.891,20.35,0.007,False,OK
2025-03-19,Quartier Nord,12.61,22.88,20.78,2.10,0.908,19.25,0.016,False,OK
2025-03-19,Hôpital,12.61,39.05,34.71,4.34,0.889,32.15,0.006,False,OK
2025-03-19,Campus,12.61,15.64,14.10,1.53,0.902,13.06,0.011,False,OK
2025-03-20,Centre-ville,11.20,30.37,27.98,2.39,0.921,24.84,0.019,False,OK
2025-03-20,Quartier Nord,11.20,26.46,24.28,2.17,0.918,21.55,0.013,False,OK
2025-03-20,Hôpital,11.20,42.27,38.72,3.55,0.916,34.37,0.007,False,OK
2025-03-20,Campus,11.20,19.47,18.22,1.25,0.936,16.18,0.028,False,OK
2025-03-21,Centre-ville,11.08,32.65,29.79,2.86,0.912,26.34,0.012,False,OK
2025-03-21,Quartier Nord,11.08,26.05,23.52,2.53,0.903,20.80,0.010,False,OK
2025-03-21,Hôpital,11.08,45.33,41.16,4.17,0.908,36.40,0.013,False,OK
2025-03-21,Campus,11.08,19.93,18.09,1.84,0.908,16.00,0.014,False,OK
2025-03-22,Centre-ville,11.03,30.59,27.67,2.92,0.904,24.44,0.003,False,OK
2025-03-22,Quartier Nord,11.03,26.21,23.17,3.05,0.884,20.46,0.019,False,OK
2025-03-22,Hôpital,11.03,43.24,39.35,3.89,0.910,34.75,0.011,False,OK
2025-03-22,Campus,11.03,20.45,17.78,2.67,0.870,15.71,0.003,False,OK
2025-03-23,Centre-ville,11.02,33.16,29.96,3.20,0.904,26.45,0.004,False,OK
2025-03-23,Quartier Nord,11.02,25.77,23.11,2.66,0.897,20.40,0.003,False,OK
2025-03-23,Hôpital,11.02,42.81,38.59,4.23,0.901,34.06,0.022,False,OK
2025-03-23,Campus,11.02,19.61,18.01,1.60,0.918,15.90,0.015,False,OK
2025-03-24,Centre-ville,9.66,35.56,31.24,4.32,0.879,26.52,0.035,False,OK
2025-03-24,Quartier Nord,9.66,27.06,24.39,2.67,0.901,20.70,0.009,False,OK
2025-03-24,Hôpital,9.66,46.08,41.22,4.86,0.894,34.99,0.000,False,OK
2025-03-24,Campus,9.66,21.27,18.72,2.55,0.880,15.89,0.011,False,OK
2025-03-25,Centre-ville,10.18,33.44,30.39,3.05,0.909,26.19,0.007,False,OK
2025-03-25,Quartier Nord,10.18,28.46,25.56,2.90,0.898,22.02,0.014,False,OK
2025-03-25,Hôpital,10.18,41.17,37.74,3.42,0.917,32.52,0.009,False,OK
2025-03-25,Campus,10.18,20.92,19.05,1.86,0.911,16.42,0.011,False,OK
2025-03-26,Centre-ville,12.34,27.84,25.87,1.97,0.929,23.76,0.019,False,OK
2025-03-26,Quartier Nord,12.34,23.74,20.98,2.76,0.884,19.27,0.003,False,OK
2025-03-26,Hôpital,12.34,36.62,32.98,3.64,0.901,30.29,0.016,False,OK
2025-03-26,Campus,12.34,15.95,17.62,-1.67,0.926,13.57,0.012,True,Énergie livrée supérieure à l'énergie produite
2025-03-27,Centre-ville,7.60,42.67,36.63,6.04,0.858,29.38,0.006,False,OK
2025-03-27,Quartier Nord,7.60,32.28,28.86,3.42,0.894,23.15,0.009,False,OK
2025-03-27,Hôpital,7.60,52.28,46.76,5.53,0.894,37.51,0.024,False,OK
2025-03-27,Campus,7.60,26.65,23.57,3.08,0.884,18.91,0.022,False,OK
2025-03-28,Centre-ville,8.64,36.21,33.77,2.45,0.932,27.86,0.000,False,OK
2025-03-28,Quartier Nord,8.64,31.86,28.11,3.75,0.882,23.19,0.011,False,OK
2025-03-28,Hôpital,8.64,47.33,44.28,3.05,0.936,36.53,0.006,False,OK
2025-03-28,Campus,8.64,22.91,20.99,1.92,0.916,17.32,0.010,False,OK
2025-03-29,Centre-ville,10.56,33.55,30.42,3.13,0.907,26.50,0.019,False,OK
2025-03-29,Quartier Nord,10.56,25.43,22.81,2.62,0.897,19.87,0.015,False,OK
2025-03-29,Hôpital,10.56,43.14,38.90,4.24,0.902,33.89,0.012,False,OK
2025-03-29,Campus,10.56,19.76,17.60,2.16,0.891,15.33,0.016,False,OK
2025-03-30,Centre-ville,10.13,36.49,,3.32,,28.54,0.250,True,Valeur manquante à contrôler
2025-03-30,Quartier Nord,10.13,27.48,24.95,2.53,0.908,21.47,0.018,False,OK
2025-03-30,Hôpital,10.13,47.47,42.65,4.82,0.898,36.70,0.006,False,OK
2025-03-30,Campus,10.13,20.64,18.31,2.33,0.887,15.76,0.006,False,OK
2025-03-31,Centre-ville,13.34,26.94,24.14,2.80,0.896,22.88,0.006,False,OK
2025-03-31,Quartier Nord,13.34,21.13,18.93,2.20,0.896,17.94,0.004,False,OK
2025-03-31,Hôpital,13.34,34.61,31.16,3.45,0.900,29.53,0.003,False,OK
2025-03-31,Campus,13.34,15.92,14.65,1.27,0.920,13.88,0.012,False,OK
2025-04-01,Centre-ville,13.17,27.94,25.27,2.67,0.904,23.81,0.019,False,OK
2025-04-01,Quartier Nord,13.17,22.80,20.66,2.13,0.906,19.48,0.016,False,OK
2025-04-01,Hôpital,13.17,37.38,33.60,3.78,0.899,31.67,0.003,False,OK
2025-04-01,Campus,13.17,17.07,14.97,2.10,0.877,14.11,0.026,False,OK
2025-04-02,Centre-ville,14.97,22.79,20.65,2.14,0.906,20.63,0.026,False,OK
2025-04-02,Quartier Nord,14.97,16.34,14.44,1.89,0.884,14.43,0.007,False,OK
2025-04-02,Hôpital,14.97,29.76,26.39,3.37,0.887,26.36,0.013,False,OK
2025-04-02,Campus,14.97,13.10,11.66,1.44,0.890,11.65,0.025,False,OK
2025-04-03,Centre-ville,10.16,32.47,29.60,2.86,0.912,25.49,0.010,False,OK
2025-04-03,Quartier Nord,10.16,28.03,25.05,2.97,0.894,21.57,0.004,False,OK
2025-04-03,Hôpital,10.16,43.82,39.12,4.70,0.893,33.68,0.016,False,OK
2025-04-03,Campus,10.16,20.01,18.38,1.63,0.919,15.83,0.017,False,OK
2025-04-04,Centre-ville,15.68,21.81,20.04,1.76,0.919,20.50,0.018,False,OK
2025-04-04,Quartier Nord,15.68,15.06,13.56,1.50,0.900,13.87,0.000,False,OK
2025-04-04,Hôpital,15.68,28.52,25.47,3.06,0.893,26.05,0.015,False,OK
2025-04-04,Campus,15.68,12.39,10.91,1.48,0.881,11.16,0.004,False,OK
2025-04-05,Centre-ville,12.78,27.15,24.65,2.50,0.908,22.95,0.003,False,OK
2025-04-05,Quartier Nord,12.78,22.48,19.66,2.82,0.875,18.31,0.000,False,OK
2025-04-05,Hôpital,12.78,39.00,34.38,4.62,0.882,32.01,0.008,False,OK
2025-04-05,Campus,12.78,15.56,13.69,1.87,0.880,12.75,0.009,False,OK
2025-04-06,Centre-ville,12.82,29.28,26.74,2.54,0.913,24.92,0.010,False,OK
2025-04-06,Quartier Nord,12.82,22.01,20.37,1.65,0.925,18.98,0.015,False,OK
2025-04-06,Hôpital,12.82,34.80,32.13,2.67,0.923,29.95,0.026,False,OK
2025-04-06,Campus,12.82,16.33,15.30,1.03,0.937,14.26,0.019,False,OK
2025-04-07,Centre-ville,15.75,19.21,17.00,2.21,0.885,17.44,0.012,False,OK
2025-04-07,Quartier Nord,15.75,13.61,12.17,1.44,0.894,12.48,0.019,False,OK
2025-04-07,Hôpital,15.75,25.60,23.42,2.19,0.915,24.02,0.001,False,OK
2025-04-07,Campus,15.75,10.80,9.98,0.83,0.923,10.23,0.014,False,OK
2025-04-08,Centre-ville,14.69,25.28,23.47,1.81,0.928,23.23,0.005,False,OK
2025-04-08,Quartier Nord,14.69,19.48,17.42,2.07,0.894,17.24,0.012,False,OK
2025-04-08,Hôpital,14.69,29.97,27.70,2.27,0.924,27.42,0.003,False,OK
2025-04-08,Campus,14.69,13.48,12.33,1.15,0.914,12.20,0.018,False,OK
2025-04-09,Centre-ville,13.75,-27.60,24.62,,,23.64,0.021,True,Valeur négative impossible
2025-04-09,Quartier Nord,13.75,20.64,18.16,2.48,0.880,17.43,0.015,False,OK
2025-04-09,Hôpital,13.75,34.10,30.64,3.46,0.899,29.42,0.006,False,OK
2025-04-09,Campus,13.75,15.00,13.18,1.81,0.879,12.66,0.026,False,OK
2025-04-10,Centre-ville,11.89,28.62,26.49,2.13,0.926,24.01,0.017,False,OK
2025-04-10,Quartier Nord,11.89,23.68,22.08,1.60,0.932,20.01,0.010,False,OK
2025-04-10,Hôpital,11.89,36.39,33.49,2.90,0.920,30.35,0.018,False,OK
2025-04-10,Campus,11.89,18.02,15.90,2.12,0.882,14.41,0.022,False,OK
2025-04-11,Centre-ville,15.80,17.93,16.47,1.45,0.919,16.93,0.000,False,OK
2025-04-11,Quartier Nord,15.80,15.09,13.35,1.74,0.885,13.72,0.007,False,OK
2025-04-11,Hôpital,15.80,25.67,22.95,2.72,0.894,23.58,0.018,False,OK
2025-04-11,Campus,15.80,11.49,10.53,0.96,0.916,10.82,0.021,False,OK
2025-04-12,Centre-ville,13.88,25.14,23.00,2.14,0.915,22.17,0.026,False,OK
2025-04-12,Quartier Nord,13.88,19.90,22.66,-2.76,0.930,17.84,0.020,True,Énergie livrée supérieure à l'énergie produite
2025-04-12,Hôpital,13.88,36.63,31.97,4.66,0.873,30.82,0.019,False,OK
2025-04-12,Campus,13.88,14.74,13.35,1.39,0.906,12.87,0.008,False,OK
2025-04-13,Centre-ville,13.92,25.41,23.38,2.03,0.920,22.57,0.000,False,OK
2025-04-13,Quartier Nord,13.92,19.76,17.69,2.08,0.895,17.07,0.004,False,OK
2025-04-13,Hôpital,13.92,34.01,30.57,3.43,0.899,29.51,0.007,False,OK
2025-04-13,Campus,13.92,13.74,14.91,-1.17,1.085,12.07,0.012,True,Rendement supérieur à 1
2025-04-14,Centre-ville,12.61,27.26,66.97,-39.71,2.457,22.77,0.015,True,Pic anormal de livraison
2025-04-14,Quartier Nord,12.61,20.57,18.80,1.77,0.914,17.42,0.005,False,OK
2025-04-14,Hôpital,12.61,43.60,38.72,4.88,0.888,35.87,0.006,False,OK
2025-04-14,Campus,12.61,17.14,15.24,1.91,0.889,14.11,0.019,False,OK
2025-04-15,Centre-ville,19.14,19.21,17.44,1.76,0.908,20.23,0.008,False,OK
2025-04-15,Quartier Nord,19.14,14.50,13.50,1.00,0.931,15.66,0.019,False,OK
2025-04-15,Hôpital,19.14,23.87,22.26,1.60,0.933,25.82,0.021,False,OK
2025-04-15,Campus,19.14,11.63,10.39,1.24,0.893,12.05,0.013,False,OK
2025-04-16,Centre-ville,13.58,26.96,,2.71,,23.15,0.250,True,Valeur manquante à contrôler
2025-04-16,Quartier Nord,13.58,21.03,19.10,1.93,0.908,18.24,0.021,False,OK
2025-04-16,Hôpital,13.58,33.60,30.52,3.08,0.908,29.14,0.021,False,OK
2025-04-16,Campus,13.58,15.32,13.94,1.38,0.910,13.31,0.038,False,OK
2025-04-17,Centre-ville,15.11,21.67,20.29,1.38,0.936,20.36,0.006,False,OK
2025-04-17,Quartier Nord,15.11,16.00,14.07,1.93,0.879,14.12,0.016,False,OK
2025-04-17,Hôpital,15.11,30.15,27.69,2.46,0.918,27.79,0.001,False,OK
2025-04-17,Campus,15.11,13.10,12.14,0.96,0.927,12.18,0.011,False,OK
2025-04-18,Centre-ville,15.71,21.55,19.65,1.90,0.912,20.12,0.017,False,OK
2025-04-18,Quartier Nord,15.71,14.29,12.88,1.40,0.902,13.19,0.002,False,OK
2025-04-18,Hôpital,15.71,28.46,26.03,2.43,0.915,26.66,0.011,False,OK
2025-04-18,Campus,15.71,12.17,10.68,1.50,0.877,10.93,0.019,False,OK
2025-04-19,Centre-ville,14.76,22.74,21.04,1.70,0.925,20.87,0.006,False,OK
2025-04-19,Quartier Nord,14.76,18.90,17.15,1.75,0.907,17.01,0.012,False,OK
2025-04-19,Hôpital,14.76,32.34,28.54,3.80,0.883,28.31,0.017,False,OK
2025-04-19,Campus,14.76,12.89,11.91,0.98,0.924,11.82,0.010,False,OK
2025-04-20,Centre-ville,15.14,22.69,20.51,2.18,0.904,20.61,0.003,False,OK
2025-04-20,Quartier Nord,15.14,16.09,14.93,1.16,0.928,15.00,0.011,False,OK
2025-04-20,Hôpital,15.14,26.95,24.74,2.21,0.918,24.86,0.000,False,OK
2025-04-20,Campus,15.14,10.60,9.60,1.01,0.905,9.64,0.013,False,OK
2025-04-21,Centre-ville,16.57,18.52,16.71,1.81,0.902,17.64,0.001,False,OK
2025-04-21,Quartier Nord,16.57,15.68,13.74,1.95,0.876,14.50,0.011,False,OK
2025-04-21,Hôpital,16.57,28.05,24.50,3.55,0.873,25.86,0.008,False,OK
2025-04-21,Campus,16.57,11.40,10.63,0.76,0.933,11.22,0.000,False,OK
2025-04-22,Centre-ville,16.98,18.42,16.22,2.20,0.881,17.37,0.025,False,OK
2025-04-22,Quartier Nord,16.98,15.97,14.22,1.75,0.891,15.23,0.014,False,OK
2025-04-22,Hôpital,16.98,27.78,25.23,2.55,0.908,27.02,0.030,False,OK
2025-04-22,Campus,16.98,12.32,10.48,1.83,0.851,11.23,0.010,False,OK
2025-04-23,Centre-ville,14.76,22.71,20.56,2.15,0.905,20.40,0.007,False,OK
2025-04-23,Quartier Nord,14.76,15.80,14.69,1.11,0.930,14.57,0.017,False,OK
2025-04-23,Hôpital,14.76,28.55,26.19,2.36,0.917,25.98,0.017,False,OK
2025-04-23,Campus,14.76,14.53,12.87,1.66,0.886,12.77,0.018,False,OK
2025-04-24,Centre-ville,15.19,23.88,21.53,2.35,0.902,21.67,0.000,False,OK
2025-04-24,Quartier Nord,15.19,17.28,15.08,2.20,0.873,15.18,0.010,False,OK
2025-04-24,Hôpital,15.19,29.14,26.16,2.98,0.898,26.33,0.000,False,OK
2025-04-24,Campus,15.19,11.61,10.33,1.28,0.890,10.39,0.010,False,OK
2025-04-25,Centre-ville,19.50,21.22,19.02,2.20,0.897,22.38,0.022,False,OK
2025-04-25,Quartier Nord,19.50,13.11,12.02,1.08,0.917,14.15,0.011,False,OK
2025-04-25,Hôpital,19.50,26.68,24.45,2.23,0.916,28.77,0.007,False,OK
2025-04-25,Campus,19.50,11.76,10.64,1.12,0.905,12.52,0.031,False,OK
2025-04-26,Centre-ville,16.14,21.63,19.83,1.80,0.917,20.61,0.003,False,OK
2025-04-26,Quartier Nord,16.14,16.90,14.97,1.93,0.886,15.56,0.000,False,OK
2025-04-26,Hôpital,16.14,27.74,25.64,2.10,0.924,26.65,0.012,False,OK
2025-04-26,Campus,16.14,10.49,9.79,0.70,0.934,10.18,0.018,False,OK
2025-04-27,Centre-ville,15.50,22.88,20.19,2.69,0.883,20.54,0.008,False,OK
2025-04-27,Quartier Nord,15.50,15.38,13.31,2.07,0.865,13.53,0.003,False,OK
2025-04-27,Hôpital,15.50,31.33,27.73,3.60,0.885,28.21,0.008,False,OK
2025-04-27,Campus,15.50,10.66,9.81,0.85,0.921,9.98,0.012,False,OK
2025-04-28,Centre-ville,18.16,20.19,17.85,2.34,0.884,19.95,0.004,False,OK
2025-04-28,Quartier Nord,18.16,15.93,14.40,1.53,0.904,16.10,0.018,False,OK
2025-04-28,Hôpital,18.16,19.38,17.93,1.45,0.925,20.04,0.008,False,OK
2025-04-28,Campus,18.16,13.10,11.74,1.37,0.896,13.12,0.012,False,OK
2025-04-29,Centre-ville,18.67,18.18,16.74,1.44,0.921,19.07,0.007,False,OK
2025-04-29,Quartier Nord,18.67,16.20,14.89,1.31,0.919,16.97,0.016,False,OK
2025-04-29,Hôpital,18.67,25.09,22.61,2.48,0.901,25.76,0.014,False,OK
2025-04-29,Campus,18.67,9.35,8.37,0.98,0.895,9.54,0.020,False,OK
2025-04-30,Centre-ville,14.56,25.90,23.14,2.75,0.894,22.81,0.015,False,OK
2025-04-30,Quartier Nord,14.56,16.40,14.99,1.42,0.914,14.77,0.016,False,OK
2025-04-30,Hôpital,14.56,32.50,30.20,2.30,0.929,29.77,0.022,False,OK
2025-04-30,Campus,14.56,13.95,12.32,1.63,0.883,12.14,0.023,False,OK
2025-05-01,Centre-ville,14.62,22.38,20.55,1.83,0.918,20.29,0.016,False,OK
2025-05-01,Quartier Nord,14.62,19.72,17.85,1.88,0.905,17.62,0.000,False,OK
2025-05-01,Hôpital,14.62,30.11,27.34,2.77,0.908,27.00,0.009,False,OK
2025-05-01,Campus,14.62,14.66,13.20,1.46,0.901,13.04,0.001,False,OK
2025-05-02,Centre-ville,18.64,17.47,43.48,-26.01,2.489,18.61,0.014,True,Pic anormal de livraison
2025-05-02,Quartier Nord,18.64,12.96,11.98,0.98,0.924,13.64,0.031,False,OK
2025-05-02,Hôpital,18.64,21.87,20.15,1.72,0.921,22.94,0.016,False,OK
2025-05-02,Campus,18.64,11.13,10.14,0.99,0.911,11.54,0.016,False,OK
2025-05-03,Centre-ville,16.22,22.75,20.03,2.71,0.881,20.88,0.028,False,OK
2025-05-03,Quartier Nord,16.22,17.14,15.15,1.99,0.884,15.79,0.012,False,OK
2025-05-03,Hôpital,16.22,29.82,26.73,3.10,0.896,27.86,0.011,False,OK
2025-05-03,Campus,16.22,10.45,9.68,0.77,0.926,10.09,0.007,False,OK
2025-05-04,Centre-ville,17.85,20.84,18.78,2.06,0.901,20.75,0.005,False,OK
2025-05-04,Quartier Nord,17.85,13.73,12.05,1.68,0.878,13.32,0.003,False,OK
2025-05-04,Hôpital,17.85,23.20,20.70,2.51,0.892,22.87,0.014,False,OK
2025-05-04,Campus,17.85,11.28,10.04,1.24,0.890,11.10,0.004,False,OK
2025-05-05,Centre-ville,15.81,18.62,16.44,2.18,0.883,16.90,0.018,False,OK
2025-05-05,Quartier Nord,15.81,-13.64,12.35,,,12.69,0.007,True,Valeur négative impossible
2025-05-05,Hôpital,15.81,33.46,29.20,4.26,0.873,30.01,0.014,False,OK
2025-05-05,Campus,15.81,11.24,10.02,1.22,0.891,10.30,0.015,False,OK
2025-05-06,Centre-ville,18.46,18.04,16.46,1.58,0.913,18.61,0.015,False,OK
2025-05-06,Quartier Nord,18.46,16.68,14.91,1.77,0.894,16.86,0.024,False,OK
2025-05-06,Hôpital,18.46,27.17,23.62,3.55,0.869,26.70,0.016,False,OK
2025-05-06,Campus,18.46,11.17,9.93,1.24,0.889,11.23,0.019,False,OK
2025-05-07,Centre-ville,17.20,21.54,19.46,2.08,0.904,21.00,0.018,False,OK
2025-05-07,Quartier Nord,17.20,15.58,14.23,1.35,0.914,15.36,0.004,False,OK
2025-05-07,Hôpital,17.20,28.46,25.77,2.69,0.905,27.80,0.028,False,OK
2025-05-07,Campus,17.20,11.30,10.38,0.92,0.919,11.20,0.006,False,OK
2025-05-08,Centre-ville,17.46,20.52,18.14,2.38,0.884,19.76,0.003,False,OK
2025-05-08,Quartier Nord,17.46,14.81,13.38,1.43,0.904,14.58,0.014,False,OK
2025-05-08,Hôpital,17.46,29.12,26.14,2.98,0.898,28.48,0.017,False,OK
2025-05-08,Campus,17.46,10.96,9.88,1.08,0.902,10.77,0.014,False,OK
2025-05-09,Centre-ville,13.92,25.60,22.88,2.73,0.894,22.08,0.005,False,OK
2025-05-09,Quartier Nord,13.92,17.18,15.41,1.77,0.897,14.88,0.000,False,OK
2025-05-09,Hôpital,13.92,34.96,31.49,3.47,0.901,30.40,0.000,False,OK
2025-05-09,Campus,13.92,13.70,12.58,1.11,0.919,12.14,0.007,False,OK
2025-05-10,Centre-ville,17.96,19.35,17.47,1.88,0.903,19.38,0.000,False,OK
2025-05-10,Quartier Nord,17.96,15.03,13.45,1.58,0.895,14.93,0.036,False,OK
2025-05-10,Hôpital,17.96,26.31,23.59,2.71,0.897,26.18,0.020,False,OK
2025-05-10,Campus,17.96,10.86,9.88,0.98,0.910,10.96,0.005,False,OK
2025-05-11,Centre-ville,22.12,18.75,17.10,1.65,0.912,22.41,0.021,False,OK
2025-05-11,Quartier Nord,22.12,14.55,13.17,1.38,0.905,17.27,0.017,False,OK
2025-05-11,Hôpital,22.12,28.59,25.31,3.28,0.885,33.18,0.013,False,OK
2025-05-11,Campus,22.12,10.37,9.24,1.12,0.892,12.12,0.007,False,OK
2025-05-12,Centre-ville,21.48,21.37,20.30,1.07,0.950,25.89,0.012,False,OK
2025-05-12,Quartier Nord,21.48,14.19,12.59,1.60,0.888,16.06,0.025,False,OK
2025-05-12,Hôpital,21.48,23.40,21.05,2.36,0.899,26.84,0.007,False,OK
2025-05-12,Campus,21.48,12.86,11.40,1.46,0.887,14.54,0.021,False,OK
2025-05-13,Centre-ville,21.80,19.44,17.76,1.68,0.913,22.96,0.000,False,OK
2025-05-13,Quartier Nord,21.80,14.88,13.40,1.47,0.901,17.33,0.000,False,OK
2025-05-13,Hôpital,21.80,27.21,24.80,2.41,0.911,32.06,0.000,False,OK
2025-05-13,Campus,21.80,9.95,8.87,1.08,0.892,11.47,0.008,False,OK
2025-05-14,Centre-ville,18.34,18.74,16.62,2.12,0.887,18.70,0.014,False,OK
2025-05-14,Quartier Nord,18.34,14.38,12.99,1.39,0.903,14.61,0.010,False,OK
2025-05-14,Hôpital,18.34,27.57,24.88,2.70,0.902,27.99,0.019,False,OK
2025-05-14,Campus,18.34,10.95,10.08,0.86,0.921,11.35,0.022,False,OK
2025-05-15,Centre-ville,15.90,20.86,19.55,1.31,0.937,20.16,0.004,False,OK
2025-05-15,Quartier Nord,15.90,15.19,13.65,1.54,0.899,14.07,0.016,False,OK
2025-05-15,Hôpital,15.90,28.30,25.27,3.03,0.893,26.06,0.023,False,OK
2025-05-15,Campus,15.90,10.48,9.46,1.02,0.903,9.75,0.020,False,OK
2025-05-16,Centre-ville,23.51,18.78,17.26,1.52,0.919,24.10,0.014,False,OK
2025-05-16,Quartier Nord,23.51,13.28,11.79,1.49,0.888,16.46,0.002,False,OK
2025-05-16,Hôpital,23.51,25.66,23.03,2.63,0.897,32.16,0.012,False,OK
2025-05-16,Campus,23.51,12.08,11.02,1.06,0.913,15.39,0.033,False,OK
2025-05-17,Centre-ville,18.78,20.97,19.14,1.84,0.912,21.89,0.024,False,OK
2025-05-17,Quartier Nord,18.78,14.23,13.09,1.14,0.920,14.98,0.025,False,OK
2025-05-17,Hôpital,18.78,25.03,22.62,2.41,0.904,25.87,0.016,False,OK
2025-05-17,Campus,18.78,10.85,9.65,1.20,0.889,11.04,0.027,False,OK
2025-05-18,Centre-ville,18.90,22.88,,2.38,,23.56,0.250,True,Valeur manquante à contrôler
2025-05-18,Quartier Nord,18.90,15.93,14.36,1.57,0.901,16.51,0.005,False,OK
2025-05-18,Hôpital,18.90,24.86,22.62,2.24,0.910,26.00,0.007,False,OK
2025-05-18,Campus,18.90,11.65,10.07,1.58,0.864,11.58,0.008,False,OK
2025-05-19,Centre-ville,19.10,19.46,17.26,2.20,0.887,20.00,0.005,False,OK
2025-05-19,Quartier Nord,19.10,14.57,13.58,0.99,0.932,15.73,0.001,False,OK
2025-05-19,Hôpital,19.10,25.44,23.47,1.97,0.923,27.19,0.015,False,OK
2025-05-19,Campus,19.10,11.07,9.92,1.14,0.897,11.50,0.012,False,OK
2025-05-20,Centre-ville,19.37,16.65,14.85,1.80,0.892,17.38,0.000,False,OK
2025-05-20,Quartier Nord,19.37,16.19,14.89,1.30,0.920,17.43,0.006,False,OK
2025-05-20,Hôpital,19.37,26.92,25.55,1.37,0.949,29.90,0.007,False,OK
2025-05-20,Campus,19.37,12.11,11.04,1.07,0.912,12.92,0.010,False,OK
2025-05-21,Centre-ville,17.24,19.16,17.20,1.96,0.898,18.59,0.000,False,OK
2025-05-21,Quartier Nord,17.24,15.65,14.07,1.58,0.899,15.21,0.016,False,OK
2025-05-21,Hôpital,17.24,24.42,23.20,1.22,0.950,25.07,0.000,False,OK
2025-05-21,Campus,17.24,10.08,9.25,0.83,0.918,10.00,0.031,False,OK
2025-05-22,Centre-ville,17.58,23.22,20.63,2.59,0.888,22.57,0.022,False,OK
2025-05-22,Quartier Nord,17.58,14.37,13.58,0.79,0.945,14.86,0.026,False,OK
2025-05-22,Hôpital,17.58,23.95,22.76,1.20,0.950,24.89,0.003,False,OK
2025-05-22,Campus,17.58,10.40,9.75,0.65,0.938,10.66,0.006,False,OK
2025-05-23,Centre-ville,18.43,19.92,18.19,1.73,0.913,20.54,0.015,False,OK
2025-05-23,Quartier Nord,18.43,13.97,12.69,1.28,0.909,14.33,0.017,False,OK
2025-05-23,Hôpital,18.43,29.52,26.89,2.63,0.911,30.36,0.002,False,OK
2025-05-23,Campus,18.43,11.21,10.02,1.19,0.894,11.32,0.023,False,OK
2025-05-24,Centre-ville,16.23,21.23,18.81,2.42,0.886,19.61,0.022,False,OK
2025-05-24,Quartier Nord,16.23,15.77,14.33,1.44,0.909,14.95,0.016,False,OK
2025-05-24,Hôpital,16.23,25.46,23.35,2.11,0.917,24.35,0.012,False,OK
2025-05-24,Campus,16.23,11.68,10.58,1.10,0.906,11.04,0.000,False,OK
2025-05-25,Centre-ville,18.87,21.68,,1.49,,23.17,0.250,True,Valeur manquante à contrôler
2025-05-25,Quartier Nord,18.87,14.87,13.36,1.50,0.899,15.34,0.017,False,OK
2025-05-25,Hôpital,18.87,28.30,25.11,3.19,0.887,28.83,0.017,False,OK
2025-05-25,Campus,18.87,12.37,10.99,1.39,0.888,12.61,0.011,False,OK
2025-05-26,Centre-ville,21.09,21.22,19.04,2.18,0.897,23.89,0.008,False,OK
2025-05-26,Quartier Nord,21.09,14.25,13.00,1.26,0.912,16.31,0.015,False,OK
2025-05-26,Hôpital,21.09,27.22,23.96,3.25,0.880,30.07,0.003,False,OK
2025-05-26,Campus,21.09,11.90,10.51,1.39,0.883,13.19,0.014,False,OK
2025-05-27,Centre-ville,19.35,18.92,17.13,1.79,0.905,20.04,0.025,False,OK
2025-05-27,Quartier Nord,19.35,-15.35,13.81,,,16.15,0.000,True,Valeur négative impossible
2025-05-27,Hôpital,19.35,27.00,24.98,2.01,0.925,29.22,0.017,False,OK
2025-05-27,Campus,19.35,11.97,10.93,1.03,0.914,12.79,0.002,False,OK
2025-05-28,Centre-ville,20.11,20.43,18.76,1.68,0.918,22.61,0.008,False,OK
2025-05-28,Quartier Nord,20.11,14.73,13.43,1.30,0.912,16.19,0.022,False,OK
2025-05-28,Hôpital,20.11,28.29,25.93,2.36,0.917,31.25,0.015,False,OK
2025-05-28,Campus,20.11,10.37,9.18,1.19,0.885,11.06,0.011,False,OK
2025-05-29,Centre-ville,22.57,20.29,18.57,1.72,0.915,24.83,0.000,False,OK
2025-05-29,Quartier Nord,22.57,12.89,11.92,0.96,0.925,15.94,0.012,False,OK
2025-05-29,Hôpital,22.57,23.32,21.48,1.85,0.921,28.72,0.014,False,OK
2025-05-29,Campus,22.57,13.33,12.36,0.97,0.928,16.53,0.015,False,OK
2025-05-30,Centre-ville,20.01,20.30,18.33,1.97,0.903,22.01,0.000,False,OK
2025-05-30,Quartier Nord,20.01,15.94,14.50,1.44,0.910,17.41,0.000,False,OK
2025-05-30,Hôpital,20.01,25.59,22.78,2.81,0.890,27.34,0.020,False,OK
2025-05-30,Campus,20.01,10.69,9.96,0.73,0.932,11.96,0.000,False,OK
2025-05-31,Centre-ville,18.03,21.87,19.54,2.34,0.893,21.73,0.004,False,OK
2025-05-31,Quartier Nord,18.03,14.51,12.93,1.58,0.891,14.38,0.016,False,OK
2025-05-31,Hôpital,18.03,29.83,26.15,3.69,0.876,29.09,0.010,False,OK
2025-05-31,Campus,18.03,11.04,10.01,1.03,0.906,11.14,0.019,False,OK
2025-06-01,Centre-ville,20.72,19.40,17.17,2.23,0.885,21.21,0.000,False,OK
2025-06-01,Quartier Nord,20.72,14.47,13.10,1.37,0.905,16.18,0.019,False,OK
2025-06-01,Hôpital,20.72,24.58,23.27,1.31,0.947,28.76,0.011,False,OK
2025-06-01,Campus,20.72,10.54,9.61,0.93,0.912,11.88,0.004,False,OK
2025-06-02,Centre-ville,20.97,16.38,15.03,1.36,0.917,18.76,0.013,False,OK
2025-06-02,Quartier Nord,20.97,15.12,13.73,1.39,0.908,17.14,0.002,False,OK
2025-06-02,Hôpital,20.97,23.87,22.27,1.59,0.933,27.81,0.016,False,OK
2025-06-02,Campus,20.97,10.43,9.52,0.91,0.913,11.89,0.015,False,OK
2025-06-03,Centre-ville,24.86,21.48,19.60,1.88,0.912,29.20,0.008,False,OK
2025-06-03,Quartier Nord,24.86,17.08,15.43,1.65,0.903,22.98,0.005,False,OK
2025-06-03,Hôpital,24.86,24.35,21.66,2.69,0.889,32.26,0.009,False,OK
2025-06-03,Campus,24.86,11.52,10.61,0.90,0.921,15.81,0.021,False,OK
2025-06-04,Centre-ville,20.95,20.30,19.20,1.10,0.946,23.94,0.019,False,OK
2025-06-04,Quartier Nord,20.95,17.35,15.23,2.12,0.878,19.00,0.006,False,OK
2025-06-04,Hôpital,20.95,26.33,22.56,3.77,0.857,28.14,0.013,False,OK
2025-06-04,Campus,20.95,12.41,11.11,1.30,0.895,13.86,0.014,False,OK
2025-06-05,Centre-ville,18.78,19.00,17.29,1.71,0.910,19.78,0.002,False,OK
2025-06-05,Quartier Nord,18.78,16.97,14.77,2.20,0.870,16.90,0.015,False,OK
2025-06-05,Hôpital,18.78,24.74,23.06,1.69,0.932,26.38,0.018,False,OK
2025-06-05,Campus,18.78,-9.67,8.33,,,9.53,0.004,True,Valeur négative impossible
2025-06-06,Centre-ville,19.60,19.58,17.73,1.85,0.906,20.93,0.017,False,OK
2025-06-06,Quartier Nord,19.60,13.78,12.02,1.76,0.873,14.20,0.014,False,OK
2025-06-06,Hôpital,19.60,25.81,23.31,2.50,0.903,27.52,0.007,False,OK
2025-06-06,Campus,19.60,10.58,9.86,0.72,0.932,11.65,0.000,False,OK
2025-06-07,Centre-ville,18.04,20.28,18.92,1.35,0.933,21.06,0.010,False,OK
2025-06-07,Quartier Nord,18.04,13.97,12.14,1.83,0.869,13.51,0.014,False,OK
2025-06-07,Hôpital,18.04,22.88,21.60,1.28,0.944,24.04,0.031,False,OK
2025-06-07,Campus,18.04,11.14,10.18,0.96,0.914,11.33,0.011,False,OK
2025-06-08,Centre-ville,23.29,19.86,18.00,1.86,0.906,24.87,0.023,False,OK
2025-06-08,Quartier Nord,23.29,15.03,16.03,-1.00,1.067,19.59,0.000,True,Rendement supérieur à 1
2025-06-08,Hôpital,23.29,25.80,22.93,2.87,0.889,31.69,0.019,False,OK
2025-06-08,Campus,23.29,10.49,9.61,0.88,0.916,13.27,0.003,False,OK
2025-06-09,Centre-ville,20.61,22.80,21.31,1.49,0.934,26.20,0.000,False,OK
2025-06-09,Quartier Nord,20.61,15.10,13.89,1.21,0.920,17.09,0.008,False,OK
2025-06-09,Hôpital,20.61,23.87,21.88,1.98,0.917,26.91,0.013,False,OK
2025-06-09,Campus,20.61,11.57,10.44,1.13,0.902,12.84,0.031,False,OK
2025-06-10,Centre-ville,18.83,18.91,17.29,1.62,0.914,19.82,0.018,False,OK
2025-06-10,Quartier Nord,18.83,12.94,12.01,0.93,0.928,13.77,0.000,False,OK
2025-06-10,Hôpital,18.83,26.70,24.01,2.68,0.899,27.53,0.006,False,OK
2025-06-10,Campus,18.83,12.64,10.91,1.74,0.863,12.50,0.006,False,OK
2025-06-11,Centre-ville,18.89,20.64,19.26,1.39,0.933,22.13,0.018,False,OK
2025-06-11,Quartier Nord,18.89,17.35,15.01,2.34,0.865,17.24,0.013,False,OK
2025-06-11,Hôpital,18.89,23.76,21.34,2.42,0.898,24.52,0.014,False,OK
2025-06-11,Campus,18.89,10.84,10.08,0.76,0.930,11.58,0.000,False,OK
2025-06-12,Centre-ville,19.06,18.12,15.87,2.26,0.876,18.35,0.020,False,OK
2025-06-12,Quartier Nord,19.06,14.68,13.70,0.98,0.933,15.84,0.021,False,OK
2025-06-12,Hôpital,19.06,27.19,24.13,3.06,0.888,27.91,0.020,False,OK
2025-06-12,Campus,19.06,10.69,9.45,1.25,0.883,10.93,0.003,False,OK
2025-06-13,Centre-ville,21.19,21.88,19.82,2.06,0.906,24.98,0.022,False,OK
2025-06-13,Quartier Nord,21.19,15.15,13.60,1.56,0.897,17.13,0.034,False,OK
2025-06-13,Hôpital,21.19,30.26,27.50,2.77,0.909,34.65,0.005,False,OK
2025-06-13,Campus,21.19,9.55,8.71,0.84,0.912,10.98,0.010,False,OK
2025-06-14,Centre-ville,21.97,20.23,18.47,1.76,0.913,24.05,0.021,False,OK
2025-06-14,Quartier Nord,21.97,15.52,13.84,1.68,0.892,18.03,0.006,False,OK
2025-06-14,Hôpital,21.97,28.36,25.12,3.24,0.886,32.72,0.018,False,OK
2025-06-14,Campus,21.97,11.69,10.57,1.12,0.904,13.77,0.006,False,OK
2025-06-15,Centre-ville,17.05,18.71,16.38,2.32,0.876,17.58,0.012,False,OK
2025-06-15,Quartier Nord,17.05,14.66,13.02,1.64,0.888,13.98,0.019,False,OK
2025-06-15,Hôpital,17.05,26.77,24.25,2.52,0.906,26.03,0.016,False,OK
2025-06-15,Campus,17.05,12.36,10.83,1.53,0.876,11.62,0.018,False,OK
2025-06-16,Centre-ville,16.99,18.26,16.86,1.40,0.923,18.06,0.018,False,OK
2025-06-16,Quartier Nord,16.99,15.65,14.22,1.44,0.908,15.23,0.023,False,OK
2025-06-16,Hôpital,16.99,23.39,21.04,2.35,0.900,22.54,0.012,False,OK
2025-06-16,Campus,16.99,12.59,11.63,0.96,0.923,12.46,0.020,False,OK
2025-06-17,Centre-ville,19.31,23.25,21.24,2.01,0.913,24.80,0.004,False,OK
2025-06-17,Quartier Nord,19.31,18.23,16.03,2.20,0.879,18.72,0.005,False,OK
2025-06-17,Hôpital,19.31,-26.54,23.55,,,27.50,0.016,True,Valeur négative impossible
2025-06-17,Campus,19.31,11.27,10.22,1.05,0.907,11.94,0.027,False,OK
2025-06-18,Centre-ville,17.40,22.43,19.97,2.46,0.890,21.70,0.024,False,OK
2025-06-18,Quartier Nord,17.40,16.44,15.56,0.88,0.946,16.91,0.010,False,OK
2025-06-18,Hôpital,17.40,23.90,21.77,2.13,0.911,23.66,0.012,False,OK
2025-06-18,Campus,17.40,9.35,8.59,0.76,0.918,9.34,0.005,False,OK
2025-06-19,Centre-ville,24.17,21.55,19.39,2.16,0.900,27.93,0.012,False,OK
2025-06-19,Quartier Nord,24.17,14.76,13.24,1.52,0.897,19.07,0.037,False,OK
2025-06-19,Hôpital,24.17,24.51,22.20,2.30,0.906,31.98,0.020,False,OK
2025-06-19,Campus,24.17,10.85,9.69,1.15,0.894,13.96,0.001,False,OK
2025-06-20,Centre-ville,23.62,20.83,19.03,1.80,0.913,26.70,0.000,False,OK
2025-06-20,Quartier Nord,23.62,15.43,14.04,1.39,0.910,19.71,0.009,False,OK
2025-06-20,Hôpital,23.62,23.63,21.36,2.27,0.904,29.97,0.005,False,OK
2025-06-20,Campus,23.62,11.11,10.06,1.04,0.906,14.12,0.009,False,OK
2025-06-21,Centre-ville,22.94,19.58,17.90,1.67,0.915,24.35,0.015,False,OK
2025-06-21,Quartier Nord,22.94,16.44,14.59,1.85,0.888,19.84,0.009,False,OK
2025-06-21,Hôpital,22.94,28.39,25.77,2.62,0.908,35.05,0.021,False,OK
2025-06-21,Campus,22.94,11.81,10.60,1.22,0.897,14.41,0.019,False,OK
2025-06-22,Centre-ville,20.43,20.65,19.38,1.27,0.938,23.66,0.021,False,OK
2025-06-22,Quartier Nord,20.43,18.21,15.97,2.24,0.877,19.50,0.008,False,OK
2025-06-22,Hôpital,20.43,26.16,23.49,2.67,0.898,28.68,0.015,False,OK
2025-06-22,Campus,20.43,10.49,9.71,0.79,0.925,11.85,0.020,False,OK
2025-06-23,Centre-ville,21.90,18.08,16.54,1.54,0.915,21.48,0.017,False,OK
2025-06-23,Quartier Nord,21.90,15.33,13.88,1.45,0.906,18.03,0.023,False,OK
2025-06-23,Hôpital,21.90,25.54,22.95,2.60,0.898,29.80,0.017,False,OK
2025-06-23,Campus,21.90,11.33,10.42,0.90,0.920,13.54,0.010,False,OK
2025-06-24,Centre-ville,18.09,18.08,16.22,1.86,0.897,18.08,0.018,False,OK
2025-06-24,Quartier Nord,18.09,16.46,17.04,-0.58,1.035,16.00,0.016,True,Rendement supérieur à 1
2025-06-24,Hôpital,18.09,26.89,23.83,3.06,0.886,26.57,0.030,False,OK
2025-06-24,Campus,18.09,11.10,10.21,0.89,0.920,11.38,0.033,False,OK
2025-06-25,Centre-ville,19.69,18.70,17.43,1.28,0.932,20.66,0.002,False,OK
2025-06-25,Quartier Nord,19.69,14.99,13.58,1.41,0.906,16.10,0.020,False,OK
2025-06-25,Hôpital,19.69,27.89,24.78,3.11,0.889,29.37,0.020,False,OK
2025-06-25,Campus,19.69,12.05,10.68,1.37,0.886,12.65,0.006,False,OK
2025-06-26,Centre-ville,19.79,17.69,16.34,1.34,0.924,19.45,0.009,False,OK
2025-06-26,Quartier Nord,19.79,14.89,13.20,1.69,0.886,15.71,0.009,False,OK
2025-06-26,Hôpital,19.79,29.23,26.85,2.38,0.918,31.96,0.000,False,OK
2025-06-26,Campus,19.79,10.05,9.21,0.84,0.916,10.96,0.008,False,OK
2025-06-27,Centre-ville,19.72,19.02,16.76,2.26,0.881,19.89,0.013,False,OK
2025-06-27,Quartier Nord,19.72,14.14,13.09,1.05,0.926,15.53,0.011,False,OK
2025-06-27,Hôpital,19.72,24.14,25.50,-1.36,1.056,26.28,0.023,True,Rendement supérieur à 1
2025-06-27,Campus,19.72,10.76,9.41,1.35,0.874,11.17,0.008,False,OK
2025-06-28,Centre-ville,17.94,23.14,20.36,2.78,0.880,22.58,0.009,False,OK
2025-06-28,Quartier Nord,17.94,16.39,15.09,1.30,0.921,16.73,0.008,False,OK
2025-06-28,Hôpital,17.94,24.95,22.50,2.45,0.902,24.94,0.010,False,OK
2025-06-28,Campus,17.94,12.41,11.20,1.21,0.902,12.41,0.001,False,OK
2025-06-29,Centre-ville,23.06,21.64,19.49,2.14,0.901,26.65,0.018,False,OK
2025-06-29,Quartier Nord,23.06,15.35,13.56,1.79,0.883,18.53,0.011,False,OK
2025-06-29,Hôpital,23.06,24.40,21.80,2.60,0.894,29.81,0.004,False,OK
2025-06-29,Campus,23.06,11.30,10.27,1.04,0.908,14.03,0.001,False,OK
2025-06-30,Centre-ville,18.84,19.70,18.00,1.71,0.913,20.63,0.013,False,OK
2025-06-30,Quartier Nord,18.84,11.98,11.12,0.86,0.928,12.75,0.026,False,OK
2025-06-30,Hôpital,18.84,29.56,27.04,2.52,0.915,31.01,0.017,False,OK
2025-06-30,Campus,18.84,10.43,9.48,0.96,0.908,10.87,0.003,False,OK
2025-07-01,Centre-ville,21.10,17.41,15.94,1.47,0.916,20.01,0.009,False,OK
2025-07-01,Quartier Nord,21.10,15.78,14.33,1.45,0.908,17.98,0.008,False,OK
2025-07-01,Hôpital,21.10,28.98,25.62,3.37,0.884,32.15,0.010,False,OK
2025-07-01,Campus,21.10,10.42,9.57,0.85,0.918,12.01,0.011,False,OK
2025-07-02,Centre-ville,21.39,21.74,18.76,2.98,0.863,23.83,0.005,False,OK
2025-07-02,Quartier Nord,21.39,14.76,13.63,1.13,0.923,17.31,0.017,False,OK
2025-07-02,Hôpital,21.39,29.43,26.52,2.91,0.901,33.69,0.013,False,OK
2025-07-02,Campus,21.39,10.70,9.60,1.10,0.897,12.20,0.005,False,OK
2025-07-03,Centre-ville,19.56,19.84,17.73,2.12,0.893,20.91,0.012,False,OK
2025-07-03,Quartier Nord,19.56,12.64,11.54,1.10,0.913,13.61,0.013,False,OK
2025-07-03,Hôpital,19.56,27.72,24.86,2.86,0.897,29.32,0.008,False,OK
2025-07-03,Campus,19.56,11.95,10.79,1.17,0.902,12.72,0.028,False,OK
2025-07-04,Centre-ville,17.63,19.94,17.64,2.30,0.885,19.34,0.006,False,OK
2025-07-04,Quartier Nord,17.63,14.11,12.65,1.46,0.896,13.86,0.018,False,OK
2025-07-04,Hôpital,17.63,23.80,21.80,2.00,0.916,23.90,0.000,False,OK
2025-07-04,Campus,17.63,10.42,9.68,0.74,0.929,10.60,0.016,False,OK
2025-07-05,Centre-ville,21.28,20.66,18.91,1.75,0.915,23.91,0.017,False,OK
2025-07-05,Quartier Nord,21.28,16.94,15.02,1.93,0.886,18.99,0.011,False,OK
2025-07-05,Hôpital,21.28,27.46,25.22,2.24,0.918,31.90,0.016,False,OK
2025-07-05,Campus,21.28,12.33,11.05,1.28,0.896,13.97,0.001,False,OK
2025-07-06,Centre-ville,23.43,20.11,18.00,2.11,0.895,25.04,0.012,False,OK
2025-07-06,Quartier Nord,23.43,14.12,13.03,1.09,0.923,18.13,0.019,False,OK
2025-07-06,Hôpital,23.43,26.89,24.60,2.29,0.915,34.22,0.012,False,OK
2025-07-06,Campus,23.43,12.55,10.82,1.73,0.862,15.05,0.003,False,OK
2025-07-07,Centre-ville,20.50,19.60,17.40,2.20,0.888,21.31,0.017,False,OK
2025-07-07,Quartier Nord,20.50,13.69,12.44,1.25,0.909,15.24,0.013,False,OK
2025-07-07,Hôpital,20.50,27.09,24.11,2.98,0.890,29.52,0.010,False,OK
2025-07-07,Campus,20.50,12.00,10.98,1.02,0.915,13.45,0.020,False,OK
2025-07-08,Centre-ville,20.36,17.34,15.55,1.79,0.897,18.93,0.011,False,OK
2025-07-08,Quartier Nord,20.36,16.11,14.91,1.20,0.925,18.15,0.015,False,OK
2025-07-08,Hôpital,20.36,24.64,22.36,2.28,0.907,27.22,0.010,False,OK
2025-07-08,Campus,20.36,11.11,9.81,1.30,0.883,11.94,0.016,False,OK
2025-07-09,Centre-ville,20.42,21.80,19.16,2.64,0.879,23.38,0.003,False,OK
2025-07-09,Quartier Nord,20.42,19.61,17.44,2.17,0.889,21.28,0.014,False,OK
2025-07-09,Hôpital,20.42,27.99,24.84,3.15,0.887,30.32,0.026,False,OK
2025-07-09,Campus,20.42,10.96,9.95,1.01,0.908,12.14,0.027,False,OK
2025-07-10,Centre-ville,18.69,19.25,17.30,1.95,0.899,19.72,0.001,False,OK
2025-07-10,Quartier Nord,18.69,15.10,13.80,1.31,0.914,15.73,0.013,False,OK
2025-07-10,Hôpital,18.69,27.44,25.26,2.18,0.921,28.80,0.015,False,OK
2025-07-10,Campus,18.69,10.58,9.81,0.77,0.927,11.18,0.006,False,OK
2025-07-11,Centre-ville,23.44,19.29,17.72,1.57,0.919,24.66,0.027,False,OK
2025-07-11,Quartier Nord,23.44,12.26,11.05,1.21,0.902,15.38,0.009,False,OK
2025-07-11,Hôpital,23.44,30.39,27.28,3.11,0.898,37.96,0.034,False,OK
2025-07-11,Campus,23.44,9.63,8.78,0.85,0.911,12.21,0.009,False,OK
2025-07-12,Centre-ville,21.42,19.16,17.19,1.98,0.897,21.86,0.000,False,OK
2025-07-12,Quartier Nord,21.42,15.51,13.62,1.89,0.878,17.32,0.002,False,OK
2025-07-12,Hôpital,21.42,26.77,24.17,2.60,0.903,30.74,0.020,False,OK
2025-07-12,Campus,21.42,9.77,8.92,0.85,0.913,11.34,0.015,False,OK
2025-07-13,Centre-ville,19.58,18.64,16.84,1.80,0.904,19.88,0.019,False,OK
2025-07-13,Quartier Nord,19.58,14.23,13.10,1.13,0.920,15.45,0.010,False,OK
2025-07-13,Hôpital,19.58,30.16,27.31,2.85,0.905,32.23,0.011,False,OK
2025-07-13,Campus,19.58,9.91,8.71,1.20,0.879,10.28,0.015,False,OK
2025-07-14,Centre-ville,19.68,20.62,18.41,2.21,0.893,21.80,0.011,False,OK
2025-07-14,Quartier Nord,19.68,14.09,12.83,1.26,0.910,15.19,0.010,False,OK
2025-07-14,Hôpital,19.68,30.90,27.58,3.32,0.893,32.67,0.021,False,OK
2025-07-14,Campus,19.68,10.21,9.16,1.06,0.897,10.85,0.005,False,OK
2025-07-15,Centre-ville,22.88,20.53,18.63,1.90,0.907,25.26,0.014,False,OK
2025-07-15,Quartier Nord,22.88,13.25,12.33,0.92,0.930,16.72,0.023,False,OK
2025-07-15,Hôpital,22.88,26.44,23.93,2.51,0.905,32.46,0.017,False,OK
2025-07-15,Campus,22.88,10.94,9.86,1.08,0.901,13.37,0.008,False,OK
2025-07-16,Centre-ville,19.27,18.86,17.31,1.54,0.918,20.19,0.009,False,OK
2025-07-16,Quartier Nord,19.27,14.59,13.04,1.55,0.894,15.20,0.000,False,OK
2025-07-16,Hôpital,19.27,29.53,27.00,2.54,0.914,31.48,0.019,False,OK
2025-07-16,Campus,19.27,10.28,9.58,0.71,0.931,11.17,0.013,False,OK
2025-07-17,Centre-ville,23.15,19.89,17.98,1.91,0.904,24.69,0.008,False,OK
2025-07-17,Quartier Nord,23.15,14.94,13.58,1.36,0.909,18.65,0.024,False,OK
2025-07-17,Hôpital,23.15,29.73,26.96,2.78,0.907,37.02,0.022,False,OK
2025-07-17,Campus,23.15,8.73,7.83,0.90,0.897,10.75,0.014,False,OK
2025-07-18,Centre-ville,21.83,20.59,18.61,1.98,0.904,24.10,0.008,False,OK
2025-07-18,Quartier Nord,21.83,13.45,12.64,0.82,0.939,16.36,0.021,False,OK
2025-07-18,Hôpital,21.83,29.29,26.51,2.78,0.905,34.33,0.008,False,OK
2025-07-18,Campus,21.83,11.55,10.44,1.10,0.905,13.52,0.011,False,OK
2025-07-19,Centre-ville,19.75,19.22,17.09,2.13,0.889,20.30,0.010,False,OK
2025-07-19,Quartier Nord,19.75,13.11,12.00,1.10,0.916,14.26,0.019,False,OK
2025-07-19,Hôpital,,25.83,22.52,3.30,0.872,26.75,0.250,True,Valeur manquante à contrôler
2025-07-19,Campus,19.75,11.26,10.19,1.07,0.905,12.11,0.001,False,OK
2025-07-20,Centre-ville,15.50,23.99,21.62,2.37,0.901,21.98,0.016,False,OK
2025-07-20,Quartier Nord,15.50,15.76,14.38,1.38,0.912,14.62,0.002,False,OK
2025-07-20,Hôpital,15.50,27.88,24.55,3.33,0.881,24.96,0.003,False,OK
2025-07-20,Campus,15.50,11.67,10.19,1.49,0.872,10.36,0.008,False,OK
2025-07-21,Centre-ville,,18.05,16.29,1.76,0.903,18.15,0.250,True,Valeur manquante à contrôler
2025-07-21,Quartier Nord,18.07,13.38,12.60,0.79,0.941,14.03,0.018,False,OK
2025-07-21,Hôpital,18.07,29.09,26.15,2.94,0.899,29.13,0.019,False,OK
2025-07-21,Campus,18.07,11.97,10.61,1.36,0.887,11.82,0.007,False,OK
2025-07-22,Centre-ville,25.96,19.05,17.41,1.64,0.914,26.78,0.010,False,OK
2025-07-22,Quartier Nord,25.96,16.23,14.40,1.83,0.887,22.15,0.004,False,OK
2025-07-22,Hôpital,25.96,28.81,26.18,2.63,0.909,40.27,0.000,False,OK
2025-07-22,Campus,25.96,11.11,10.02,1.09,0.902,15.41,0.018,False,OK
2025-07-23,Centre-ville,20.16,20.40,18.49,1.91,0.907,22.33,0.014,False,OK
2025-07-23,Quartier Nord,20.16,13.76,12.26,1.51,0.890,14.80,0.005,False,OK
2025-07-23,Hôpital,20.16,23.31,21.42,1.88,0.919,25.87,0.021,False,OK
2025-07-23,Campus,20.16,11.73,10.49,1.24,0.894,12.67,0.008,False,OK
2025-07-24,Centre-ville,18.39,21.44,19.60,1.83,0.914,22.10,0.026,False,OK
2025-07-24,Quartier Nord,18.39,13.82,12.45,1.37,0.901,14.04,0.002,False,OK
2025-07-24,Hôpital,18.39,23.59,21.28,2.31,0.902,23.99,0.009,False,OK
2025-07-24,Campus,18.39,10.93,9.59,1.34,0.877,10.81,0.014,False,OK
2025-07-25,Centre-ville,18.64,21.11,19.32,1.80,0.915,21.98,0.002,False,OK
2025-07-25,Quartier Nord,18.64,15.57,13.93,1.65,0.894,15.85,0.024,False,OK
2025-07-25,Hôpital,18.64,26.72,23.94,2.78,0.896,27.25,0.009,False,OK
2025-07-25,Campus,18.64,9.48,8.80,0.68,0.928,10.01,0.029,False,OK
2025-07-26,Centre-ville,15.36,21.16,19.11,2.05,0.903,19.34,0.007,False,OK
2025-07-26,Quartier Nord,15.36,17.29,16.03,1.25,0.927,16.23,0.010,False,OK
2025-07-26,Hôpital,15.36,32.87,29.77,3.10,0.906,30.13,0.010,False,OK
2025-07-26,Campus,15.36,12.54,11.18,1.36,0.892,11.32,0.024,False,OK
2025-07-27,Centre-ville,20.42,19.40,17.49,1.91,0.902,21.35,0.005,False,OK
2025-07-27,Quartier Nord,20.42,15.63,13.78,1.85,0.882,16.82,0.012,False,OK
2025-07-27,Hôpital,20.42,25.14,23.01,2.13,0.915,28.08,0.020,False,OK
2025-07-27,Campus,20.42,11.77,10.63,1.14,0.903,12.97,0.006,False,OK
2025-07-28,Centre-ville,18.30,19.67,17.98,1.70,0.914,20.20,0.007,False,OK
2025-07-28,Quartier Nord,18.30,13.72,12.46,1.26,0.908,14.00,0.023,False,OK
2025-07-28,Hôpital,18.30,30.02,27.59,2.42,0.919,31.01,0.004,False,OK
2025-07-28,Campus,18.30,12.51,11.13,1.38,0.890,12.50,0.006,False,OK
2025-07-29,Centre-ville,19.80,17.42,16.01,1.40,0.919,19.06,0.012,False,OK
2025-07-29,Quartier Nord,19.80,15.65,13.93,1.72,0.890,16.58,0.019,False,OK
2025-07-29,Hôpital,19.80,27.81,24.99,2.82,0.898,29.74,0.020,False,OK
2025-07-29,Campus,19.80,8.64,7.87,0.76,0.912,9.37,0.011,False,OK
2025-07-30,Centre-ville,17.00,19.97,18.26,1.72,0.914,19.56,0.006,False,OK
2025-07-30,Quartier Nord,17.00,14.79,13.37,1.42,0.904,14.33,0.015,False,OK
2025-07-30,Hôpital,17.00,29.39,26.36,3.04,0.897,28.24,0.023,False,OK
2025-07-30,Campus,17.00,9.84,8.96,0.88,0.910,9.60,0.000,False,OK
2025-07-31,Centre-ville,18.80,20.22,19.04,1.18,0.941,21.80,0.012,False,OK
2025-07-31,Quartier Nord,18.80,13.74,12.69,1.05,0.923,14.53,0.012,False,OK
2025-07-31,Hôpital,18.80,26.25,24.19,2.06,0.922,27.69,0.021,False,OK
2025-07-31,Campus,18.80,9.51,8.61,0.89,0.906,9.86,0.012,False,OK
2025-08-01,Centre-ville,16.17,17.33,15.66,1.67,0.904,16.30,0.008,False,OK
2025-08-01,Quartier Nord,16.17,14.09,12.72,1.37,0.903,13.24,0.009,False,OK
2025-08-01,Hôpital,16.17,25.75,24.03,1.72,0.933,25.01,0.012,False,OK
2025-08-01,Campus,16.17,12.40,11.50,0.90,0.927,11.97,0.020,False,OK
2025-08-02,Centre-ville,16.81,19.78,17.58,2.21,0.888,18.71,0.015,False,OK
2025-08-02,Quartier Nord,16.81,14.71,13.43,1.28,0.913,14.29,0.014,False,OK
2025-08-02,Hôpital,16.81,27.07,24.32,2.75,0.899,25.88,0.004,False,OK
2025-08-02,Campus,16.81,10.51,9.65,0.86,0.918,10.27,0.011,False,OK
2025-08-03,Centre-ville,18.16,21.07,19.25,1.82,0.914,21.52,0.000,False,OK
2025-08-03,Quartier Nord,18.16,15.08,13.41,1.67,0.889,14.99,0.012,False,OK
2025-08-03,Hôpital,18.16,27.07,24.75,2.32,0.914,27.67,0.025,False,OK
2025-08-03,Campus,18.16,10.67,9.60,1.07,0.900,10.73,0.017,False,OK
2025-08-04,Centre-ville,20.29,18.00,16.51,1.49,0.917,20.05,0.017,False,OK
2025-08-04,Quartier Nord,20.29,14.82,13.34,1.48,0.900,16.20,0.018,False,OK
2025-08-04,Hôpital,20.29,27.21,24.82,2.39,0.912,30.14,0.006,False,OK
2025-08-04,Campus,20.29,9.55,8.62,0.92,0.903,10.47,0.010,False,OK
2025-08-05,Centre-ville,19.06,18.44,16.90,1.54,0.916,19.55,0.015,False,OK
2025-08-05,Quartier Nord,19.06,13.77,12.70,1.07,0.922,14.69,0.009,False,OK
2025-08-05,Hôpital,19.06,24.92,22.66,2.25,0.910,26.21,0.012,False,OK
2025-08-05,Campus,19.06,10.12,9.28,0.85,0.916,10.73,0.012,False,OK
2025-08-06,Centre-ville,16.26,16.95,15.47,1.48,0.913,16.16,0.013,False,OK
2025-08-06,Quartier Nord,16.26,14.66,13.63,1.03,0.930,14.23,0.000,False,OK
2025-08-06,Hôpital,16.26,28.44,26.44,2.00,0.930,27.60,0.004,False,OK
2025-08-06,Campus,16.26,12.14,10.81,1.33,0.890,11.29,0.004,False,OK
2025-08-07,Centre-ville,17.58,22.63,20.63,2.00,0.912,22.58,0.012,False,OK
2025-08-07,Quartier Nord,17.58,16.17,14.46,1.72,0.894,15.82,0.024,False,OK
2025-08-07,Hôpital,17.58,29.60,27.02,2.58,0.913,29.56,0.006,False,OK
2025-08-07,Campus,17.58,11.93,10.86,1.07,0.910,11.88,0.017,False,OK
2025-08-08,Centre-ville,20.18,20.96,18.63,2.33,0.889,22.52,0.024,False,OK
2025-08-08,Quartier Nord,20.18,15.15,13.80,1.35,0.911,16.68,0.017,False,OK
2025-08-08,Hôpital,20.18,26.78,24.60,2.18,0.918,29.73,0.014,False,OK
2025-08-08,Campus,20.18,11.01,9.86,1.16,0.895,11.92,0.008,False,OK
2025-08-09,Centre-ville,16.92,21.61,19.42,2.18,0.899,20.75,0.011,False,OK
2025-08-09,Quartier Nord,16.92,14.64,13.39,1.25,0.915,14.31,0.017,False,OK
2025-08-09,Hôpital,16.92,31.58,27.79,3.79,0.880,29.69,0.010,False,OK
2025-08-09,Campus,16.92,11.96,10.46,1.50,0.875,11.17,0.026,False,OK
2025-08-10,Centre-ville,17.17,18.27,16.86,1.42,0.922,18.17,0.000,False,OK
2025-08-10,Quartier Nord,17.17,15.48,13.73,1.75,0.887,14.80,0.012,False,OK
2025-08-10,Hôpital,17.17,26.89,24.72,2.17,0.919,26.64,0.015,False,OK
2025-08-10,Campus,17.17,12.88,11.67,1.21,0.906,12.58,0.009,False,OK
2025-08-11,Centre-ville,,19.62,17.91,1.72,0.913,21.47,0.250,True,Valeur manquante à contrôler
2025-08-11,Quartier Nord,19.99,15.48,13.99,1.49,0.904,16.78,0.009,False,OK
2025-08-11,Hôpital,19.99,24.68,22.74,1.94,0.921,27.27,0.000,False,OK
2025-08-11,Campus,19.99,13.52,12.52,1.00,0.926,15.01,0.015,False,OK
2025-08-12,Centre-ville,21.33,20.69,18.40,2.30,0.889,23.32,0.020,False,OK
2025-08-12,Quartier Nord,21.33,12.81,11.73,1.08,0.916,14.87,0.022,False,OK
2025-08-12,Hôpital,21.33,28.48,25.03,3.45,0.879,31.72,0.014,False,OK
2025-08-12,Campus,21.33,11.10,9.90,1.20,0.892,12.55,0.000,False,OK
2025-08-13,Centre-ville,14.41,22.63,20.94,1.69,0.925,20.54,0.034,False,OK
2025-08-13,Quartier Nord,14.41,19.59,17.45,2.14,0.891,17.11,0.009,False,OK
2025-08-13,Hôpital,14.41,33.33,,2.80,,29.94,0.250,True,Valeur manquante à contrôler
2025-08-13,Campus,14.41,13.57,12.58,1.00,0.927,12.33,0.030,False,OK
2025-08-14,Centre-ville,16.90,19.94,22.53,-2.59,0.914,19.46,0.008,True,Énergie livrée supérieure à l'énergie produite
2025-08-14,Quartier Nord,,12.18,11.13,1.05,0.914,11.88,0.250,True,Valeur manquante à contrôler
2025-08-14,Hôpital,16.90,29.21,26.53,2.68,0.908,28.32,0.024,False,OK
2025-08-14,Campus,16.90,10.07,9.31,0.75,0.925,9.94,0.000,False,OK
2025-08-15,Centre-ville,18.80,19.15,17.66,1.50,0.922,20.22,0.009,False,OK
2025-08-15,Quartier Nord,18.80,15.58,14.24,1.34,0.914,16.30,0.015,False,OK
2025-08-15,Hôpital,18.80,26.57,24.85,1.72,0.935,28.45,0.008,False,OK
2025-08-15,Campus,18.80,12.38,11.12,1.25,0.899,12.74,0.022,False,OK
2025-08-16,Centre-ville,21.74,19.45,16.85,2.60,0.866,21.74,0.013,False,OK
2025-08-16,Quartier Nord,21.74,14.24,12.75,1.49,0.896,16.45,0.009,False,OK
2025-08-16,Hôpital,21.74,24.68,28.17,-3.49,0.931,29.64,0.021,True,Énergie livrée supérieure à l'énergie produite
2025-08-16,Campus,21.74,11.54,10.93,0.62,0.947,14.10,0.006,False,OK
2025-08-17,Centre-ville,10.96,35.74,32.51,3.23,0.910,28.65,0.012,False,OK
2025-08-17,Quartier Nord,10.96,23.99,21.13,2.86,0.881,18.62,0.018,False,OK
2025-08-17,Hôpital,10.96,43.68,37.84,5.84,0.866,33.35,0.004,False,OK
2025-08-17,Campus,10.96,19.83,18.40,1.43,0.928,16.22,0.014,False,OK
2025-08-18,Centre-ville,22.54,20.78,19.48,1.30,0.938,26.02,0.023,False,OK
2025-08-18,Quartier Nord,22.54,16.34,14.40,1.95,0.881,19.23,0.000,False,OK
2025-08-18,Hôpital,22.54,24.82,22.58,2.24,0.910,30.16,0.012,False,OK
2025-08-18,Campus,22.54,11.39,10.30,1.09,0.905,13.76,0.016,False,OK
2025-08-19,Centre-ville,18.33,20.02,18.01,2.01,0.900,20.26,0.000,False,OK
2025-08-19,Quartier Nord,18.33,16.21,14.44,1.77,0.891,16.25,0.005,False,OK
2025-08-19,Hôpital,18.33,27.85,25.67,2.19,0.922,28.87,0.017,False,OK
2025-08-19,Campus,18.33,12.16,10.76,1.39,0.885,12.11,0.010,False,OK
2025-08-20,Centre-ville,14.80,25.25,23.25,2.01,0.921,23.09,0.010,False,OK
2025-08-20,Quartier Nord,14.80,18.30,16.68,1.62,0.912,16.58,0.011,False,OK
2025-08-20,Hôpital,14.80,30.70,28.25,2.45,0.920,28.06,0.011,False,OK
2025-08-20,Campus,14.80,11.85,10.80,1.05,0.911,10.73,0.010,False,OK
2025-08-21,Centre-ville,13.34,25.55,23.00,2.54,0.901,21.80,0.012,False,OK
2025-08-21,Quartier Nord,13.34,21.26,19.16,2.10,0.901,18.15,0.016,False,OK
2025-08-21,Hôpital,13.34,33.58,30.72,2.86,0.915,29.11,0.015,False,OK
2025-08-21,Campus,13.34,15.51,14.44,1.07,0.931,13.69,0.010,False,OK
2025-08-22,Centre-ville,12.21,28.94,26.61,2.33,0.920,24.35,0.012,False,OK
2025-08-22,Quartier Nord,12.21,24.09,21.05,3.04,0.874,19.26,0.005,False,OK
2025-08-22,Hôpital,12.21,38.80,35.66,3.14,0.919,32.62,0.006,False,OK
2025-08-22,Campus,12.21,17.92,15.98,1.93,0.892,14.62,0.003,False,OK
2025-08-23,Centre-ville,15.72,20.79,18.97,1.83,0.912,19.43,0.018,False,OK
2025-08-23,Quartier Nord,15.72,17.19,15.85,1.34,0.922,16.24,0.009,False,OK
2025-08-23,Hôpital,15.72,30.28,26.60,3.68,0.879,27.25,0.013,False,OK
2025-08-23,Campus,15.72,12.29,11.27,1.02,0.917,11.55,0.019,False,OK
2025-08-24,Centre-ville,19.61,18.42,16.93,1.49,0.919,20.01,0.011,False,OK
2025-08-24,Quartier Nord,19.61,16.21,14.70,1.51,0.907,17.37,0.018,False,OK
2025-08-24,Hôpital,19.61,29.43,26.97,2.46,0.916,31.86,0.010,False,OK
2025-08-24,Campus,19.61,10.87,9.71,1.17,0.893,11.47,0.020,False,OK
2025-08-25,Centre-ville,18.14,20.23,17.65,2.58,0.872,19.71,0.007,False,OK
2025-08-25,Quartier Nord,18.14,15.73,13.97,1.76,0.888,15.60,0.000,False,OK
2025-08-25,Hôpital,18.14,26.66,23.15,3.51,0.868,25.85,0.015,False,OK
2025-08-25,Campus,18.14,10.68,9.68,1.00,0.906,10.81,0.022,False,OK
2025-08-26,Centre-ville,13.10,23.87,21.59,2.28,0.904,20.30,0.016,False,OK
2025-08-26,Quartier Nord,13.10,19.45,17.47,1.98,0.898,16.43,0.009,False,OK
2025-08-26,Hôpital,13.10,36.00,32.18,3.82,0.894,30.26,0.033,False,OK
2025-08-26,Campus,13.10,15.57,14.15,1.43,0.908,13.30,0.008,False,OK
2025-08-27,Centre-ville,9.12,42.22,35.81,6.41,0.848,29.94,0.023,False,OK
2025-08-27,Quartier Nord,9.12,28.55,25.14,3.41,0.881,21.02,0.011,False,OK
2025-08-27,Hôpital,9.12,52.13,47.48,4.65,0.911,39.70,0.010,False,OK
2025-08-27,Campus,9.12,21.49,19.70,1.79,0.917,16.48,0.009,False,OK
2025-08-28,Centre-ville,16.35,16.59,15.17,1.42,0.915,15.89,0.015,False,OK
2025-08-28,Quartier Nord,16.35,13.57,12.03,1.54,0.886,12.60,0.011,False,OK
2025-08-28,Hôpital,16.35,25.34,23.07,2.28,0.910,24.15,0.001,False,OK
2025-08-28,Campus,16.35,9.85,9.29,0.56,0.943,9.73,0.005,False,OK
